label,title,content,Predicted
4,Lajos Drahos, Lajos Drahos (7 March 1895 - 2 June 1983) was a Hungarian Communist politician who served as Speaker of the National Assembly of Hungary between 1949 and 1951. He was the ambassador to Poland from May 1951 to his retirement (1955). He was totally unsuitable for his function because he did not speak any languages and he was unprepared and unexperienced in the diplomacy. The single viewpoint controlled the Communist decision makers at the time of their selection: the reliability.,4
5,USS Huntsville (1857), USS Huntsville was a steamer acquired by the Union Navy during the American Civil War. She was used by the Navy to patrol navigable waterways of the Confederacy to prevent the South from trading with other countries.,5
0,SCAFCO, Founded in 1954 by Ben G. Stone SCAFCO Corporation is a privately held company headquartered in Spokane Washington. Initially producing steel culvert for the construction industry as Spokane Culvert And Fabrication Company SCAFCO expanded in 1961 to manufacture grain storage systems and again in 1994 to produce steel framing products. The original culvert product division was sold in 1986.,0
6,McLean's Mansion, McLean's Mansion (originally Holly Lea) is a homestead in Christchurch New Zealand. The two hectares property is situated between Manchester and Colombo Streets. The mansion was initially known as 'Holly Lea' but later became known as McLean's Mansion after its initial owner. It was the largest wooden residence in New Zealand.,0
5,Avioane Craiova IAR-93 Vultur, The Avioane Craiova IAR-93 Vultur (Eagle) is a twin-engine subsonic close support ground attack and tactical reconnaissance aircraft with secondary capability as low level interceptor. Built as single-seat main attack version or combat capable two-seat version for advanced flying and weapon training it was developed as a joint Yugoslav-Romanian project in the 1970s for the air forces of both nations. The Romanian aircraft were built by I.R.Av.,5
8,Počaply (Příbram District), Počaply (Příbram District) is a village and municipality in Příbram District in the Central Bohemian Region of the Czech Republic.,8
1,Hingham High School, Hingham High School is a co-educational public high school serving grades 9 through 12 for the town of Hingham Massachusetts. It is located on Union Street near Hingham Center. This school was ranked number 606 on Newsweek 's 2012 list of the Best High Schools in America.The school's teams compete in the Patriot League and are known as the Harbormen.,1
10,Siphoneugenia, Siphoneugenia is a genus of plant in family Myrtaceae. Species include: Siphoneugenia densiflora Berg Siphoneugenia occidentalis Legrand Siphoneugenia widgreniana Berg,10
7,Aston Bay (Arctic waterway), Aston Bay is an Arctic waterway in the Qikiqtaaluk Region of Nunavut Canada. It is an arm of Peel Sound and is located on the western side of Somerset Island. It is located north of M'Clure Bay. The closest hamlet is Resolute located about 150 km (93 mi) to the north on Cornwallis Island.,7
3,Satish Singh, Satish Singh (born 10 November 1993 in India) is an Indian footballer who plays as a defender for Churchill Brothers in the I-League.,3
13,The Journal of Nietzsche Studies, The Journal of Nietzsche Studies is a peer-reviewed academic journal devoted to the life thought and writings of Friedrich Nietzsche. The journal is published twice a year by the Penn State University Press and has its editorial home at Hunter College New York.,13
2,Mike Absalom, Mike Absalom (born 9 November 1940) is an English pop folk and celtic music singer guitarist songwriter harpist poet artist and children's entertainer. The Province once described Absalom's musical work as innocence with a macabre twist. His recording and performing work in 1970s concentrated on subject matter including sex drugs and the church.,2
7,Lake Maardu, Lake Maardu (Estonian: Maardu järv; also known earlier as Lake Liivakandi) is a lake on the southern side of the town of Maardu in northern Estonia. It has an area of 160 ha (400 acres) max. depth is 3.7 metres (12 ft) and the lake is 33 metres (108 ft) above sea-level.Lake Maardu was a natural waterbody before 1894 when the landowner of Maardu Manor Otto von Brevern dug a ditch (Kroodi stream) to the sea and the lake run empty.,7
11,The Disregard of Timekeeping, The Disregard of Timekeeping is the debut album of British hard rock band Bonham released in 1989 (see 1989 in music).,11
1,Kameshwar Singh Darbhanga Sanskrit University, Kameshwar Singh Darbhanga Sanskrit University (KSDSU) is a state university located at Darbhanga Bihar India dedicated to the teaching end promotion of Sanskrit. Its jurisdiction covers the whole of Bihar.,1
9,Narrow-body righteye flounder, The narrow-body righteye flounder Nematops macrochirus is a flatfish of the family Pleuronectidae. It is a demersal fish that lives on saltwater bottoms at depths of between 218 and 438 metres (715 and 1437 ft). Its natural habitat is the waters of the Indo-West Pacific from the Bali Strait to Northern Territory Queensland and New South Wales in Australia. It can grow up to 15 centimetres (5.9 in) in length.,10
2,Shawn Colvin, Shawn Colvin (born January 10 1956) is an American singer-songwriter and musician widely known for her Grammy-winning 1997 single Sunny Came Home.,2
0,Transzap, Transzap is an Epayables accounts payable automation business intelligence software and information technology services company located in Denver Colorado.,0
4,Juan LaFonta, Juan Anthony LaFonta is an American lawyer and a Democratic former member of the Louisiana House of Representatives from District 96 in Orleans Parish.After losing the 2010 Democratic nomination in the 2010 U.S. House of Representatives elections 2nd District to fellow legislator Cedric Richmond LaFonta endorsed the incumbent Republican Joseph Cao.LaFonta did not seek reelection to the State House in the 2011 primary. He was succeeded on January 9 2012 by a fellow Democrat Terry Landry.,4
0,Sheppard Robson, Sheppard Robson (previously Richard Sheppard Robson & Partners ) is a British architecture firm founded in 1938 by Sir Richard Herbert Sheppard with offices in London Manchester Glasgow and Abu Dhabi. It was particularly influential in the 1950s-60s pioneering the use of concrete shell structures and in the present day as a leader in sustainable architecture building the UK's first net zero carbon house in 2007.,0
6,Sonoy, Sonoy is former a restaurant located in Emmeloord in the Netherlands. It was a fine dining restaurant that was awarded one Michelin star in the period 2010–2013.Gault Millau awarded the restaurant 16 out of 20 points.Owner and head chef of Sonoy was Paul van Staveren.The restaurant is a member of Alliance Gastronomique Néerlandaise since 2006.Restaurant Sonoy is located in a former water tower at a height of 40 meters. It occupies four floors.,1
8,Hemmatabad West Azerbaijan, Hemmatabad (Persian: همت اباد‎ also Romanized as Hemmatābād) is a village in Chahriq Rural District Kuhsar District Salmas County West Azerbaijan Province Iran. At the 2006 census its population was 308 in 57 families.,8
0,Lasergraphics, Lasergraphics Inc. is a manufacturer of motion picture film scanning and recording systems. The company was founded in 1981 and is headquartered in Irvine California USA.,0
1,Shandong University of Science and Technology, Shandong University of Science and Technology (SUST; simplified Chinese: 山东科技大学; traditional Chinese: 山東科技大學; pinyin: Shāndōng kējì dàxué) established in 1951 is a university in Shandong province China. It offers courses in science and technology.,1
0,Gessler (company), The Gessler company is an Austrian company that produces liqueur such as Altvater as well as Monopolowa vodka.,0
9,Anaphe venata, Anaphe venata is a moth of the Notodontidae family. It was described by Butler in 1878. It is found in Angola Cameroon the Central African Republic the Republic of Congo the Democratic Republic of Congo Equatorial Guinea Ghana Ivory Coast Nigeria Tanzania and Togo.The larvae have been recorded feeding on Triplochiton scleroxylon Cola verticillata and Cola ballayi.,10
4,Gerald McMonagle, Gerald F. McMonagle is a former Democratic member of the Pennsylvania House of Representatives.,4
4,Peter N. Wasylyk, Peter N. Wasylyk (born 1957) is an American attorney who is also a Democratic party member of the Rhode Island House of Representatives representing the 6th District since 1984. During the 2009-2010 sessions he served on the House Committee on Health Education and Welfare and served as Deputy Majority Leader. Wasylyk was defeated in the 14 September 2010 Democratic Primary to Raymond A. Hull who went on to win the general election on 2 November 2010.,4
8,Alamabad-e Mohandes, Alamabad-e Mohandes (Persian: علم ابادمهندس‎ also Romanized as ‘Alamābād-e Mohandes; also known as ‘Alamābād and Mohandes) is a village in Darkhoveyn Rural District in the Central District of Shadegan County Khuzestan Province Iran. At the 2006 census its population was 94 in 17 families.,8
1,Saitama University, Saitama University (埼玉大学 Saitama Daigaku abbreviated 埼大 Saidai) is a Japanese national university located in a suburban area of Sakura-ku Saitama City capital of Saitama Prefecture in Tokyo Metropolitan Area.The University has five faculties (schools) for undergraduate education -Liberal Arts Education Economics Science and Engineering- and four graduate schools -Cultural Science Education Economic Science and Science and Engineering- all offering programs leading to doctorates as well as master’s degrees. ,1
7,Smugglers Notch, Smugglers Notch (or Smugglers' or Smuggler's) is a mountain pass in Lamoille County Vermont.The notch separates Mount Mansfield the highest peak of the Green Mountains from Spruce Peak and the Sterling Range.Most of the notch is in Mount Mansfield State Forest.North of the height of land Smugglers Notch is drained by the Brewster River which drains into the Lamoille River and into Lake Champlain.To the south the notch is drained by the West Branch Waterbury River thence into the Little River the Winooski River and into Lake Champlain.In turn Lake Champlain drains into the Richelieu River in Quebec thence into the Saint Lawrence River and into the Gulf of Saint Lawrence.Smugglers Notch derives its name from activities precipitated by a request of President Thomas Jefferson to prevent American involvement in the Napoleonic Wars. ,7
5,USS Makin Island (LHD-8), USS Makin Island (LHD-8) a Wasp-class amphibious assault ship is the second ship of the United States Navy to be named for Makin Island target of the Marine Raiders' Makin Island raid early on in the United States' involvement in World War II.,5
9,Nebria dahilii, Nebria dahlii is a species of ground beetle in the Nebriinae subfamily that can be found in Austria all states of former Yugoslavia (except for Republic of Macedonia) and Italy.,10
6,New York Life Building (Kansas City Missouri), The New York Life Building is a 12-story 54.86 m (180.0 ft) high-rise in the Library District of downtown Kansas City Missouri. The brick and brownstone tower which was completed in 1890 generally is regarded as Kansas City's first skyscraper and was the first building in the city equipped with elevators. It was commissioned by the New York Life Insurance Company which also used the same design for an identical building in Omaha that was completed in 1889.,6
0,Infinity Broadcasting Corporation, Infinity Broadcasting Corporation was a radio company that existed from 1972 until 2005. It was founded by Michael A. Wiener and Gerald Carrus. It became associated with popular radio personalities like Opie and Anthony Howard Stern Don Imus and Mike Francesa. Infinity merged with CBS Corporation in 1997 and later became part of Viacom in 2000 when CBS and Viacom merged. After the Viacom split in 2005 Infinity changed its name to CBS Radio.,0
9,Rhytida citrina, Rhytida citrina is a species of medium-sized air-breathing predatory land snail a terrestrial pulmonate gastropod mollusc in the eponymous family Rhytididae.,10
13,Chest (journal), Chest is a peer-reviewed medical journal published by the American College of Chest Physicians on the subject of chest diseases and related issues including pulmonology cardiology thoracic surgery transplantation breathing airway diseases and emergency medicine. The 2008 impact factor was 5.154. The editor-in-chief is Richard S. Irwin.,13
10,Tridactyle, Tridactyle is a genus of flowering plants from the orchid family Orchidaceae.,10
1,Won Institute of Graduate Studies, The Won Institute of Graduate Studies is a graduate school located in Glenside Pennsylvania. The institution offers advanced degrees in acupuncture and meditation as well as religious training for ministry in Won Buddhism. The school is accredited by the Middle States Commission on Higher Education and the Accreditation Commission for Acupuncture and Oriental Medicine.,1
11,A Concept from Fire, A Concept from Fire is the first and only studio album by A Dozen Furies released on September 13 2005 (2005-09-13).,11
13,The World in Winter, The World in Winter (US title The Long Winter) is a 1962 post-apocalyptic science fiction novel by John Christopher. It deals with a new ice age caused by a reduction in the output of the Sun.,13
3,Tony Perezchica, Antonio Llamas Tony Perezchica (April 20 1966 in Mexicali Mexico) is a retired Major League Baseball player who played infielder from 1988-1992. He is currently the minor league fielding coordinator for the Arizona Diamondbacks.,3
9,Asterolepis (moth), Asterolepis is a genus of moths belonging to the subfamily Tortricinae of the family Tortricidae.,10
4,A. V. Bellarmin, A.V. Bellarmin (born 5 May 1954) is an Indian politician belonging to the Communist Party of India (Marxist). He was a member of the 14th Lok Sabha representing the Nagercoil constituency of Tamil Nadu. According to the CPM He has held responsibilities in the General Workers’ Union the Fish Workers’ Union and the Union of Construction Workers in Kanyakumari district and fought for the rights of workers. He is a serving member of the District Secretariat of CPM.,4
13,Escapism Travel Magazine, Escapism Travel Magazine is a travel magazine based in New York USA. Published twice a year it has 250000 readers according to its corporate media kit.The magazine emphasizes luxury travel eco-tourism and cultural heritage. Articles offer information on new emerging destinations; coastal tourism; food; design; and style.It is published by SanMax Publishing.,13
4,Sir George Cornewall Lewis 2nd Baronet, Sir George Cornewall Lewis 2nd Baronet PC (21 April 1806 – 13 April 1863) was a British statesman and man of letters.,3
6,SS. Peter and Paul's Church (Bronx New York), The Church of Saints Peter and Paul is a Roman Catholic parish church under the authority of the Roman Catholic Archdiocese of New York located at 833 St. Ann's Avenue Bronx New York City. The parish was established in 1897.According to Bronx Catholic the church dates from 1932. The architect was Robert J. Reiley.It is one of the parishes in the Bronx that is home to communities of the Neocatechumenal Way.,6
7,Hopegill Head, Hopegill Head is a fell in the English Lake District in Cumbria. It is located nine kilometres west of the town of Keswick and is well seen from the B5292 road which crosses the Whinlatter Pass.,7
13,Yated Ne'eman (Israel), Yated Ne'eman (Hebrew: יתד נאמן‎) is an Israeli daily Hebrew language newspaper based in Bnei Brak. The Hebrew edition is published daily except on the Jewish Sabbath. A weekly English language edition was published in Israel and distributed in Israel South Africa and England until December 2006. An English language newspaper by the same name is published in New York. It was formerly affiliated with the Israeli newspaper but is currently independent.,13
0,Wüsthof, Wüsthof (also known as Wüsthof Dreizackwerk (German) and Wüsthof Trident (English)) is a knife-maker based in Solingen Germany noted for its high quality products. Family owned for seven generations the company also sells kitchen shears pocket knives and other cooking accessories although on a smaller scale than its main competitor Henckels.Wusthof's Classic and Grand Prix series have been recognized as top-rated knife lines by Consumer Reports.,0
5,DB Class 103, The Baureihe 103 is a class of electric locomotives in Germany originally operated by Deutsche Bundesbahn. For a long period they were perceived as flagships of the DB rolling stock.,5
12,Golgo 13: The Professional, Golgo 13: The Professional known as simply Golgo 13 (ゴルゴ13) in Japan is a Japanese animated film adaptation of the Golgo 13 manga series released on May 28 1983 by Tokyo Movie Shinsha. It is the first animated film to be based on the manga and the third film overall.,12
12,A Mother's Right: The Elizabeth Morgan Story, A Mother's Right: The Elizabeth Morgan Story is a 1992 television film directed by Lisa Otto. Starring Bonnie Bedelia in the title role the courtroom drama - which has also been released as Shattered Silence - chronicles the story behind the Elizabeth Morgan Act in which a woman is put on trial when she sends her daughter to New Zealand to live with her grandparents after her ex-husband is not found guilty for abusing their daughter of which she suspects him.,12
1,Willowbrook High School, Willowbrook High School (WBHS) is a public four-year high school located approximately half a mile north of Illinois Route 38 on Ardmore Ave in Villa Park Illinois a western suburb of Chicago Illinois in the United States. It is part of School District 88 which also includes Addison Trail High School. Willowbrook draws its students from Villa Park Oakbrook Terrace and portions of Elmhurst Oak Brook and Lombard.,1
12,Scratches in the Table, Scratches in the Table (Dutch: Madelief krassen in het tafelblad) is a 1998 Dutch film directed by Ineke Houtman. It was the Netherlands' official Best Foreign Language Film submission at the 72nd Academy Awards but did not manage to receive a nomination.,12
8,Mowtowr-e 17 Shahrivar, Mowtowr-e 17 Shahrivar (Persian: موتور17شهريور‎ also Romanized as Mowtowr-e 17 Shahrīvar; also known as Mowtowr-e Hefdah-e Shahrīvar) is a village in Arzuiyeh Rural District in the Central District of Arzuiyeh County Kerman Province Iran. At the 2006 census its population was 87 in 20 families.,8
8,Rozpucie, Rozpucie [rɔsˈput͡ɕe] (Ukrainian: Розпуття Rozputtia) is a village in the administrative district of Gmina Tyrawa Wołoska within Sanok County Subcarpathian Voivodeship in south-eastern Poland. It lies approximately 4 kilometres (2 mi) north-east of Tyrawa Wołoska 15 km (9 mi) north-east of Sanok and 56 km (35 mi) south-east of the regional capital Rzeszów.The village has a population of 460.,8
8,Józefów Gmina Zwoleń, Józefów [juˈzɛfuf] is a village in the administrative district of Gmina Zwoleń within Zwoleń County Masovian Voivodeship in east-central Poland.,8
9,Parlatoriini, Parlatoriini is a tribe of armored scale insects. Takagi (2002) indicated that the Parlatoriini appear to be phylogenetically related to the Smilacicola and the Odonaspidini.,10
0,Olau Line, Olau Line was a shipping company that existed between the years 1956 and 1994. It operated a ferry service from the United Kingdom to the Netherlands from 1974 until 1994. Originally based in Denmark the company passed under ownership of the German TT-Line in 1980.,5
11,Axia (album), Axia (アクシア Akushia usually stylized AXIA) is the debut studio album from Yuki Saito released on June 21 1985 by Canyon Records. It reached #6 on the Oricon charts and has been repackaged and rereleased twice. It contains six original songs and four which had previously been released as singles.,11
3,Charlize van der Westhuizen, Charlize van der Westhuizen (born 17 February 1984) is a South Africa cricketer. She has made two Test and 33 Women's One Day International appearances for South Africa since 2003.,3
3,Elena Cecchini, Elena Cecchini (born 25 May 1992) is an Italian racing cyclist. She competed in the 2013 UCI women's team time trial in Florence.,3
6,Broad Street Mall, Broad Street Mall is a large indoor shopping mall located in central Reading England. There is a large multi-storey car park with direct access to the first floor of the Mall. It is close to The Hexagon theatre and the offices of Reading Borough Council.,6
13,Three Critics of the Enlightenment, Three Critics of the Enlightenment: Vico Hamann Herder is a collection of essays in the history of philosophy by 20th century philosopher and historian of ideas Isaiah Berlin. Edited by Henry Hardy and released posthumously in 2000 the collection comprises the previously published works Vico and Herder: Two Studies in the History of Ideas (1976) – an essay on Counter-Enlightenment thinkers Giambattista Vico and Johann Gottfried Herder – and The Magus of the North: J. G.,13
8,Przycłapy, Przycłapy [pʂɨt͡sˈwapɨ] is a village in the administrative district of Gmina Wierzchlas within Wieluń County Łódź Voivodeship in central Poland. It lies approximately 3 kilometres (2 mi) south-west of Wierzchlas 7 km (4 mi) south-east of Wieluń and 88 km (55 mi) south-west of the regional capital Łódź.,8
3,Billy Palmer, William 'Billy' Palmer (born 1888) was a professional association footballer who played for eight different clubs in over a seventeen-year span that was interrupted by the First World War.Originally from Barnsley Palmer joined his home town club in 1907 but left after less than a full season without having played any first team League games to join Mexborough in March 1908. Just three months later he joined First Division side Nottingham Forest with whom he made his Football League debut.,3
8,Polany Lublin Voivodeship, Polany [pɔˈlanɨ] is a village in the administrative district of Gmina Krynice within Tomaszów Lubelski County Lublin Voivodeship in eastern Poland. It lies approximately 3 kilometres (2 mi) north-west of Krynice 18 km (11 mi) north of Tomaszów Lubelski and 91 km (57 mi) south-east of the regional capital Lublin.,8
8,Bočar, Bočar (Serbian Cyrillic: Бочар) is a village located in the Novi Bečej municipality in the Central Banat District of Serbia. It is situated in the Autonomous Province of Vojvodina. The village has a Serb ethnic majority(80.26%) with a present Hungarian minority(11.34%) and its population numbering 1895 people (2002 census).,8
8,Band-e Kahnuj, Band-e Kahnuj (Persian: بندكهنوج‎ also Romanized as Band-e Kahnūj and Band Kahnūj) is a village in Heruz Rural District Kuhsaran District Ravar County Kerman Province Iran. At the 2006 census its population was 20 in 5 families.,8
11,Brass Shout, Brass Shout is an album by trumpeter Art Farmer featuring performances arranged by Benny Golson recorded in 1959 and originally released on the United Artists label.,11
10,Maclura brasiliensis, Maclura brasiliensis is a species of plant in the Moraceae family. It is found in Brazil Honduras Nicaragua Peru and Venezuela.,10
7,Tarvagatai River, Tarvagatai River is a river of Mongolia.,7
6,50 Biscayne, 50 Biscayne is a fifty-seven story skyscraper condo in the Central Business District of Downtown Miami Florida United States. As its name implies the tower is located at the address of 50 Biscayne Boulevard in between Flagler and Northeast 1st Streets.,6
11,Crack the Skye, Crack the Skye is the fourth studio album by American progressive metal band Mastodon released on March 24 2009 through Reprise Records. The album debuted at number 11 on the Billboard 200 selling 41000 copies in its first week. In Australia the album debuted at number 19.,11
10,Tillandsia guerreroensis, Tillandsia guerreroensis is a species of the genus Tillandsia. This species is endemic to Mexico.,10
5,French ship Couronne (1824), Couronne was a Téméraire class 74-gun ship of the line of the French Navy.She took part in the Invasion of Algiers in 1830. She was later renamed Barricade and Duperré after Admiral Duperré's death. She was used as a hulk from 17 August 1869 and broken up the next year.,5
4,Woodrow Stanley, Woodrow Stanley a Democratic Party politician is a member of the Michigan House of Representatives from the 34th District. He was a former mayor of Flint until he was recalled from office in 2002.,4
10,Antirrhinum kelloggii, Antirrhinum kelloggii (syn. Neogaerrhinum strictum) is a species of New World snapdragon known by the common name Kellogg's snapdragon. It is native to the coastal hills and mountain ranges of California and Baja California. It grows in many local plant communities especially in areas that have recently burned. This is a thin sprawling annual herb which sometimes becomes vine-like climbing nearby objects or other plants.,10
4,Christopher Hum, Sir Christopher Owen Hum KCMG (born 27 January 1946) was the 41st Master of Gonville and Caius College one of the oldest colleges of the University of Cambridge. He held this post from his installation on 16 January 2006 to October 2012 prior to which he was Her Majesty's Ambassador to the People's Republic of China. William Ehrman CMG was appointed as Her Majesty's Ambassador to the People's Republic of China as Hum's successor.,4
1,Universiti Sultan Zainal Abidin, Universiti Sultan Zainal Abidin (abbreviated as UniSZA; Jawi: اونيۏرسيتي سلطان زاينل عابدين; English: Sultan Zainal Abidin University) is the 18th public institution of higher learning located in the state of Terengganu Malaysia.,1
9,Giant pangasius, The giant pangasius Paroon Shark or Chao Phraya giant catfish (Pangasius sanitwongsei) is a species of freshwater fish in the shark catfish family (family Pangasiidae) of order Siluriformes found in the Chao Phraya and Mekong basins in Indochina. These fish are benthopelagic swimmers. It has declined drastically mainly due to overfishing and it is now considered Critically Endangered.,10
4,Hussein Hajj Hassan, Hussein Hajj Hassan (born 1960) is a Lebanese politician and minister of agriculture.,4
12,Four Dogs Playing Poker, Four Dogs Playing Poker is a 2000 crime thriller directed by Paul Rachman starring Stacy Edwards Balthazar Getty Olivia Williams Daniel London and Tim Curry.,12
9,Kalathomyrmex, Kalathomyrmex is a genus of ant in the subfamily Myrmicinae containing the single species Kalathomyrmex emeryi. First described as Myrmicocrypta emeryi by Forel in 1907 the species was most recently moved to its current genus by Klingenberg and Brandao in 2009.,10
13,The Thief (1996 novel), The Thief is a young adult fantasy novel by Megan Whalen Turner first published by HarperCollins on October 1 1996. It is the first in a series of books followed by The Queen of Attolia The King of Attolia and A Conspiracy of Kings.The Thief won a Newbery Honor Book in 1997.,13
7,Hüiten Peak, Hüiten Peak (Mongolian: Хүйтэн оргил lit. cold peak Chinese: 友誼峰; pinyin: Yǒuyì Fēng lit. friendship peak) is the highest point in Mongolia located on the western side of the country along the border with China. The peak stands at an elevation of 4374 m (14350 feet previously 4356 m) and is under permanent snow cap.,7
12,Adayalam, Adayalam is a 1991 Malayalam film by K. Madhu starring Mammootty Rekha Shobana and Murali. The film was produced by Janardanan.,12
12,Nine Lives (1957 film), Nine Lives (Norwegian: Ni Liv) is a 1957 Norwegian film about Jan Baalsrud who was a member of the Norwegian resistance during World War II. In 1943 he participated in an operation to destroy a German air control tower.,12
1,Wallington High School, Wallington Jr./Sr. High School is a six-year comprehensive public high school that serves students in seventh through twelfth grade from Wallington in Bergen County New Jersey United States operating as part of the Wallington Public Schools.As of the 2010-11 school year the school had an enrollment of 549 students and 37.3 classroom teachers (on an FTE basis) for a student–teacher ratio of 14.72:1.,1
8,East Aurora New York, East Aurora is a village in Erie County New York United States southeast of Buffalo. The Village of East Aurora lies in the eastern half of the Town of Aurora.The population was 6236 at the 2010 census. It is part of the Buffalo–Niagara Falls Metropolitan Statistical Area.,8
7,Vancea River, The Vancea River is a headwater of the Bolovăniş River in Romania.,7
10,Allocasuarina inophloia, Allocasuarina inophloia or Stringybark She-Oak is a shrub or small tree of the she-oak family Casuarinaceae endemic to inland New South Wales and Queensland. The hairy bark is an unusual feature.,10
1,College of Engineering Trivandrum, The College of Engineering TVM commonly known as CET is situated in Thiruvananthapuram the capital city of Kerala founded in 1939 during the reign of the Travancore King Sree Chithira Thirunal Balarama Varma. The college was ranked 18th overall among 100 Top Engineering colleges of the country by Dataquest-CMR Top T-Schools Survey 2011.,1
11,Mysterium Tremendum, Mysterium Tremendum is an album by the Mickey Hart Band a musical group led by former Grateful Dead drummer Mickey Hart. It was released by 360° Productions on April 10 2012.Mysterium Tremendum was created by having the Mickey Hart Band with guest percussionists and other musicians play music along with what Hart has called cosmic sounds.,11
7,Shadow Mountains, The Shadow Mountains are located in the Mojave Desert of eastern California in the United States. The mountains lie in a generally north-south direction south of the Kingston Range and east of the Avawatz Mountains and the Silurian Hills.An isolated peak named Shadow Mountain is located about six miles due east of the main chain of the range. It has a peak elevation of 1279 meters (4196 ft).,7
12,Raise the Red Lantern, Raise the Red Lantern (simplified Chinese: 大红灯笼高高挂; traditional Chinese: 大紅燈籠高高掛; pinyin: Dà Hóng Dēnglóng Gāogāo Guà) is a 1991 film directed by Zhang Yimou and starring Gong Li. It is an adaption by Ni Zhen of the 1990 novel Wives and Concubines by Su Tong.,12
11,01:59PM (album), 01:59PM is the first studio album by South Korean boy band 2PM. The album was released in digital and physical format by November 10 2009. This would be the last 2PM album in which Jay Park would sing although his face would excluded from the cover following his departure from the band.,11
4,Paul Stephenson (police officer), Sir Paul Robert Stephenson QPM (born 26 September 1953) was the Metropolitan Police Commissioner 2009-2011 the most senior police officer within the United Kingdom.On 17 July 2011 Stephenson announced his intention to resign from the post of Commissioner as the result of speculation regarding his connection with Neil Wallis arrested on suspicion of involvement in the News International phone hacking scandal.,4
4,Albert James Smith Copp, Albert James Smith Copp (December 19 1866 –October 8 1912) was a Canadian politician.Born in Amherst Nova Scotia the son of Thomas Copp Copp was educated in Amherst Academy Dorchester and Sackville New Brunswick. He was called to the Bar of Nova Scotia in 1879. Copp practised law in Digby. He was a crown prosecutor for the County of Digby from 1887 to 1910. He served as Commercial Agent for Canada in Boston in 1910.,4
9,Freidbergia, Freidbergia is a genus of the family Tephritidae better known as fruit flies.,10
0,NewTek, NewTek Inc. is a San Antonio Texas–based hardware and software company that produces live and post-production video tools and visual imaging software for personal computers. The company was founded in 1985 in Topeka Kansas U.S. by Tim Jenison and Paul Montgomery.,0
9,Isbrueckerichthys saxicola, Isbrueckerichthys saxicola is a species of armored catfish endemic to Brazil where it is found in the Tibagi River basin. This species grows to a length of 8.77 centimetres (3.45 in) SL.,10
3,Kyle Lawson, Kyle Lawson (born January 11 1987) is an American professional ice hockey defenseman who is currently playing for the Florida Everblades in the ECHL. He was selected by the Carolina Hurricanes in the 7th round (198th overall) of the 2005 NHL Entry Draft.,3
9,Wichmannia, Wichmannia is a genus of hymenopteran insects of the family Eulophidae.,10
12,Sajni, Sajni (also spelled as Sajani or Sajini) (Kannada:ಸಜನಿ) is a 2007 Kannada film directed by Murugesh. The film stars Dhyan Sharmila Mandre and Anant Nag in lead roles. lead actress Sharmila Mandre makes her Kannada debut through this film. The film is produced by Sonali Nikhil and Sunanda Murali Manohar. The film's soundtrack was composed by A. R. Rahman for the first time in Kannada film.The compositions were re-used from Rahman's Tamil film Jodi of which this film is a remake of.,12
7,Bălăneasa River (Buzău), The Bălăneasa River is a tributary of the Buzău River in Romania.,7
12,Lust for Gold, Lust for Gold is a 1949 American western film directed by S. Sylvan Simon and starring Ida Lupino Glenn Ford and Gig Young. The film is about the legendary Lost Dutchman gold mine starring Ford as the Dutchman and Lupino as the woman he loves. The historical events are seen through a framing device set in the contemporary 1940s. It was based on the book Thunder God's Gold by Barry Storm. Part of the film was shot on location in Arizona's Superstition Mountains.,12
5,French submarine Terrible (S619), Le Terrible is a Triomphant class strategic nuclear submarine of the French Navy. She was launched on 21 March 2008 On 27 January 2010 at 9h25 Terrible launched an M51 SLBM from underwater in Audierne Bay. The missile reached its target 2000 kilometres off North Carolina; the 4500 kilometre flight took about 20 minutes.The submarine was put into service on 20 September 2010 armed with the M51 missile.,5
6,Bouillon Castle, Bouillon Castle (French: Château de Bouillon) is a medieval castle in the town of Bouillon in the province of Luxembourg Belgium.Although it was mentioned first in 988 there has been a castle on the same site for a much longer time. The castle is situated on a rocky spur of land within a sharp bend of the Semois River.In 1082 Bouillon Castle was inherited by Godfrey of Bouillon who sold it to Otbert Bishop of Liège in order to finance the First Crusade.,7
10,Tillandsia boliviana, Tillandsia boliviana is a species of the genus Tillandsia. This species is endemic to Bolivia.,10
7,Lake Papakeechie, Lake Papakeechie is a small man-made lake of 179 acres (0.72 km²) located in Kosciusko County Indiana United States. The lake is situated south of and drains into Lake Wawasee. The lake is owned by the Papakeechie Protective Association.,7
6,Charles Trowbridge House, The Charles C. Trowbridge House is located at 1380 East Jefferson Avenue in Detroit Michigan. It is the oldest building in the city of Detroit; it was designated a Michigan State Historic Site in 1974 and listed on the National Register of Historic Places in 1976.,6
9,Creobroter fasciatus, Creobroter fasciatus is a species of praying mantis in the genus Creobroter in the order Mantodea.,10
0,Rockwell Medical Inc., Rockwell Medical Inc. is an international pharmaceutical company focusing on the development and commercialization ancillary hemodialysis products for treatment against diseases such as end-stage renal disease iron deficiency chronic kidney disease (CKD) etc. The company's products mainly sell to the United States Asia Europe and Latin America.,0
10,Hakea drupacea, Hakea drupacea commonly known as Sweet Hakea is a tree or shrub which is native to south west Western Australia.,10
9,Charicrita orthonina, Charicrita orthonina is a moth of the Yponomeutidae family. It is found in Australia including Tasmania.,10
4,Charles Lemmond, Charles D. Lemmond Jr. (January 17 1929 – May 30 2012) was a Republican member of the Pennsylvania State Senate. He represented the 20th District from 1985 to 2006.,4
3,Harvey MacDonald, Harvey Forsyth MacDonald (May 18 1898 – October 4 1965) was a Major League Baseball player who played in 13 games for the Philadelphia Phillies in 1928. He was used as a pinch hitter in 11 of his 13 games.,3
11,Sonic Boom (Lee Morgan album), Sonic Boom is an album by jazz trumpeter Lee Morgan recorded on April 14 and 28 1967 but not released on the Blue Note label until 1979. The 2003 CD reissue added seven tracks recorded on September 12 & October 10 1969 which were first released on the original double LP edition of The Procrastinator.,11
0,Glasair Aviation, Glasair Aviation USA LLC is a Chinese-owned aircraft manufacturer based in Arlington Washington that produces the Glasair and Sportsman 2+2 line of homebuilt aircraft.,0
13,Motor Boats Monthly, Motor Boats Monthly is a monthly magazine about motorboats published by IPC Media and is listed in the Writers' & Artists' Yearbook 2014. It is edited by Carl Richardson.,13
4,Charles Martin (Canadian politician), Charles Hammond Martin (September 11 1881 – August 16 1957) was a Canadian politician. He served as a Progressive Conservative Party of Ontario Member of Provincial Parliament in the Ontario Legislative Assembly for the riding of Haldimand—Norfolk from 1944 to 1951.He was born at Walpole Township Haldimand County in 1881 the son of George and Clara H. (née Strickler) Martin. He married Florence B. Saville on September 11 1912 and had two children.,4
1,Spearman High School, Spearman High School is a public high school located in Spearman Texas (USA). It is part of the Spearman Independent School District located in southeastern Hansford County and classified as a 2A school by the UIL. In 2011 the school was rated Met Standard by the Texas Education Agency.,1
10,Wahlenbergia stricta, Wahlenbergia stricta or Australian Bluebell Tall or Austral Bluebell is an Australian wildflower from the Campanulaceae family. It is considered the most commonly encountered of the Wahlenbergias. It is found in all Australian states but not the Northern Territory. It is often seen growing by the side of the road enjoying the extra runoff.W. stricta is a perennial herb flowering mainly in spring or summer with pale blue bell-like flowers.,10
2,Simon Binks, Simon John Binks (born 27 November 1956 Mount Eliza Melbourne) is an Australian rock musician who was a guitarist and singer-songwriter for Australian Crawl from founding in 1978 to disbanding in 1986.,2
7,Western Berezina, Western Berezina or simply Berezina (Belarusian: Заходняя Бярэзіна) is a river in Belarus a right tributary of Neman River.Length is 226 km basin area is app. 4000 km².The river rises near Maladechna. Its longest tributary is Islach River (102 km).,7
8,Deh-e Amir Bahader, Deh-e Amir Bahader (Persian: ده اميربهادر‎ also Romanized as Deh-e Amīr Bahāder) is a village in Pataveh Rural District Pataveh District Dana County Kohgiluyeh and Boyer-Ahmad Province Iran. At the 2006 census its population was 21 in 5 families.,8
10,Neoregelia 'Grey Nurse', 'Grey Nurse' is a hybrid cultivar of the genus Neoregelia in the Bromeliad family.,10
8,Barchhen, Barchhen is a village development committee in Doti District in the Seti Zone of western Nepal. At the time of the 1991 Nepal census it had a population of 4343 living in 675 individual households.,8
9,Bulatmai Barbel, Bulatmai Barbel (Barbus capito capito) is the only subspecies of Barbus capito.,10
9,Eocheirurus, Eocheiurus is a trilobite in the order Phacopida that existed during the upper Cambrian in what is now Russia. It was described by Rozova in 1960 and the type species is Eocheirurus salairicus. The species epithet is derived from the name of the town Salair in which the type locality the Tolstochikhin Formation is located.,10
8,Janoszyce, Janoszyce [janɔˈʂɨt͡sɛ] is a village in the administrative district of Gmina Brudzeń Duży within Płock County Masovian Voivodeship in east-central Poland. It lies approximately 3 kilometres (2 mi) north-east of Brudzeń Duży 19 km (12 mi) north-west of Płock and 112 km (70 mi) north-west of Warsaw.,8
5,USS Bulwark (AM-425), USS Bulwark (AM-425/MSO-425) was an Aggressive-class minesweeper acquired by the U.S. Navy for the task of removing mines that had been placed in the water to prevent the safe passage of ships.Bulwark was launched 14 March 1953 by Norfolk Naval Shipyard; sponsored by Mrs. J. L. Maloney wife of Captain Maloney and commissioned 12 November 1953 Lieutenant J. A. Paulick in command.,5
9,Calophasidia, Calophasidia is a genus of moths of the Noctuidae family.,9
13,Rise the Euphrates, Rise the Euphrates is a novel by Carol Edgarian. It concerns three generations of Armenian American women living in Memorial Connecticut during the twentieth century. Rather than focus on a central character the book contains the story of three generations: the grandmother Casard her daughter Araxie and granddaughter Seta. The struggles faced by each woman show the enduring effects of the Armenian genocide which occurred in 1915 at the hands of the Young Turks.,13
10,Dolomiaea, Dolomiaea is a genus of flowering plants in the daisy family.,10
2,Carlos Pintado, Carlos Pintado (born 1974 in Cuba) is a Cuban–American poet and writer who immigrated to the United States in the early 90s. His book Autorretrato en azul received the Sant Jordi's International Prize for Poetry in Spain and El azar y los tesoros was one of the 12 finalists for Spain's Adonais Prize in 2008. He also contributed to The exile Experience: a journey to freedom coordinated by Cuban American music producer Emilio Estefan.,4
7,Sarygamysh Lake, The Sarygamysh Lake also Sarykamysh or Sary-Kamysh (Turkmen: Sarygamyş köli Uzbek: Sariqamish ko‘li Russian: Сарыкамы́шское озеро) Turkmen for Yellow Depression[citation needed] is a lake situated in central north Turkmenistan. It is geographically located approximately midway between the Caspian Sea and the Aral Sea.,7
12,Appaloosa (film), Appaloosa is an American western based on the 2005 novel Appaloosa by crime writer Robert B. Parker. Directed by Ed Harris and co-written by Harris and Robert Knott Appaloosa stars Harris alongside Viggo Mortensen Renée Zellweger and Jeremy Irons.,12
0,Jackrabbit Design, Jackrabbit Design is a Boston-based strategic graphic design firm which was founded in 1999 by business partners David Belyea and Sharon Mulcahy. Jackrabbit is a private firm centralized around the art of visual communication and brand development.,0
6,William F. Tuckerman House, William F. Tuckerman House is a historic house at 63 Harvard Avenue in Brookline Massachusetts.It was built in 1856 and added to the National Register of Historic Places in 1985.,6
6,Piper-Beebe House, The Piper-Beebe House located at 2 S. A St. in Virginia City Nevada is a historic Italianate house that is listed on the National Register of Historic Places. It was an 1876 work of Virginia City builder/architect A.F. MacKay the only one of his works in Virginia City that survives. It was built after the Great Fire of 1875 that destroyed much of the city.The house was listed on the National Register of Historic Places in 1993. It has also been known as the Piper-Clegg House.,6
3,Marina Erakovic, Marina Erakovic (Croatian: Marina Eraković) (born 6 March 1988 in Split) is a Croatian-born professional tennis player from New Zealand. Her career high Women's Tennis Association (WTA) rankings are World No. 39 for singles achieved on 7 May 2012 and World No. 25 in doubles achieved on 24 June 2013. Erakovic is the only New Zealand player in the top 100 of either the WTA or the Association of Tennis Professionals (ATP). She has won one WTA singles title.,3
13,La Opinión (Argentina), La Opinión was an Argentine newspaper founded by the journalist Jacobo Timerman in 1971. Its ideology was broadly centrist inspired partly by the Paris daily Le Monde.,13
13,Individualism and Economic Order, Individualism and Economic Order is a book written by Friedrich Hayek (recipient of the Nobel Memorial Prize in Economic Sciences in 1974). It is a collection of essays originally published between the 1930s and 1940s discussing topics ranging from moral philosophy to the methods of the social sciences and economic theory to contrast free markets with planned economies.,13
10,Buddleja 'Summer Frost', Buddleja 'Summer Frost' is an American hybrid cultivar raised by Dr D. Werner at the J C Raulston Arboretum North Carolina State University. [1],0
2,Frank Bello, Frank Joseph Bello (born July 9 1965) is an Italian American musician who plays bass guitar for the thrash metal band Anthrax.,2
1,Wamanrao Muranjan High School, Wamanrao Muranjan Madhyamik Vidyalaya is a Marathi language school in Mulund Maharashtra India. Established in 1955 it is the largest school in Mulund(E.). It was established and is run by Raosaheb Balaram Dnyandev Thakur Vidyamandir Institute. Recently a new large building called Shardanilayam Sankul was built near Neelamnagar. The new building has improved laboratories and a gym.,1
9,Noble (horse), Noble (1783 – after 1796) was a British Thoroughbred racehorse and sire. In a career that lasted from May 1786 to May 1788 he ran at least three times and won two races. He won the seventh running of the Epsom Derby as a 30/1 outsider in what was probably his first race. His only other success came at Newmarket later that year. He was retired to stud where he stood as a stallion for several years but made little impact as a sire of winners.,3
4,Abdulmunir Mundoc Arbison, Abdulmunir Munir Mundoc Arbison is a Filipino politician who served three consecutive terms (2001–2010) as representative of Sulu Province's second congressional district in the Autonomous Region in Muslim Mindanao (ARMM). He was generally supportive of Philippine and U.S. operations against radical Islamic groups such as the Abu Sayyaf Group and of peace efforts to resolve the conflict in Mindanao. His brother is Allayon M. Arbison Jr..,4
10,Eremophila maitlandii, Eremophila maitlandii also known as Shark Bay Poverty Bush is a shrub which is native to Australia.,10
7,Valea Anei River, The Valea Anei River is a tributary of the Chiojdul River in Romania.,7
3,Sérgio Ricardo dos Santos Júnior, Sérgio Ricardo dos Santos Júnior most know as Serginho (born December 3 1990 in Santos) is a Brazilian footballer who currently plays as a midfielder for Palmeiras in a loan from Oeste.,3
11,Space (George Benson album), Space is a compilation album by George Benson released in 1978 on CTI Records. It features his rendition of Sam & Dave's Hold On I'm Coming recorded during the Good King Bad sessions as well as some additional songs from his Carnegie Hall performance.,11
12,Uyarndha Ullam, Uyarndha Ullam is a 1985 Tamil-language drama film directed by S. P. Muthuraman and produced by AVM Productions. The film features Kamal Haasan and Ambika in the lead roles while Radharavi V. K. Ramasamy and Y. Gee. Mahendra play supporting roles. The film opened after a five year delay in production in May 1986 to a below average response.,12
3,Federico Molinari, Federico Molinari (born July 16 1979 in La Plata) is an Argentine footballer who currently plays for Western Mass Pioneers in the USL Premier Development League.,3
3,Jonathan Hall (sport shooter), Jonathan Hall is an American sport shooter. He competed at the 2012 Summer Olympics in the Men's 10 metre air rifle.,3
4,Eugene F. Grant, Eugene F. Gene Grant was an American attorney and politician who served as a member of the Medford Massachusetts City Council from 1972 to 1980. From 1978 to 1980 he also served as Mayor of Medford a position which at the time was chosen by the City Council.,4
6,Bosjökloster, Bosjökloster (English: Bosjö Abbey) on the shore of Lake Ringsjön in Höör Municipality Scania southern Sweden was originally a nunnery founded in 1080 by the Benedictine Order. The oldest preserved document that mentions Bosjö Abbey was written by Pope Lucius III in 1181 when he confirmed its privileges. According to local legend the land was donated by Tord Thott the first known ancestor of the Scanian noble family Thott.,13
3,Cliff Parsley, Cliff Parsley (born December 26 1954 in Kansas City Missouri) is a former punter in the National Football League. He was with the Houston Oilers from 1977-1982. He played college football at Oklahoma State and was selected to the Big 8 All-decade team for the 1970s.,3
9,Termitotrox cupido, Termitotrox cupido is a species of scarab beetle in the subfamily Termitotroginae. It was first described by Munetoshi Maruyama in 2012 having been discovered living inside a nest of the termite Hypotermes makhamensis in Cambodia. It is a tiny blind and flightless insect.,13
13,Bacchides (play), Bacchides is a Latin play by the early Roman playwright Titus Maccius Plautus. The title has been translated as The Bacchises and the plot revolves around the misunderstandings surrounding two sisters each called Bacchis who work in a local house of ill-repute.,13
12,Annabelle's Wish, Annabelle's Wish is a 1997 American animated Christmas film that revolves around a young calf who aspires to learn to fly and become one of Santa Claus' reindeer. It is narrated by American country singer Randy Travis and stars veteran voice actress Kath Soucie. It originally aired on FOX.,12
13,The Princes of the Golden Cage (novel), The Princes of the Golden Cage is Nathalie Mallet’s debut novel; the first installment in The Prince Amir Mystery series. It is a fantasy/mystery; however this novel has also been classified as historical fantasy which is a subgenre of fantasy. The second book in the series The King’s Daughters was released in 2008.,13
7,Melungtse, Melungtse (Standard Tibetan: Jobo Garu; Chinese: 乔格茹峰 Pinyin: Qiáogérú Fēng; other English spelling: Menlungtse) is the highest mountain of the Rolwaling Himal in the Himalayas. The peak has a long summit ridge capped by the east (main) summit and the west summit also known as Melungtse II 7023m. The mountain's steep faces make it more difficult than its elevation would suggest.,7
5,HMS Rippon (1812), HMS Rippon was a 74-gun third rate ship of the line of the Royal Navy launched on 8 August 1812 at Bursledon.,5
10,Characiellopsis, Characiellopsis is a genus of algae in the family Characiaceae.,10
11,Eat Your Paisley!, Eat Your Paisley is the second studio album by the The Dead Milkmen released on Restless Records in 1986.The album yielded one single The Thing That Only Eats Hippies/Beach Party Vietnam released one year later in 1987. Those two tracks were featured on the 1997 compilation Death Rides a Pale Cow: The Ultimate Collection and The Thing That Only Eats Hippies appeared on the 1998 compilation Cream of the Crop.,11
4,Dan Delp, Daniel S. Delp is a former Republican member of the Pennsylvania State Senate for the 28th District.He earned a degree in chemistry from Lebanon Valley College and an engineering degree from Penn State-Reading. He was first elected to represent the 28th senatorial district in 1994. He did not run for re-election in 1998 after he was prosecuted for hiring an underage prostitute and buying her alcohol with his Senate expense account.,4
6,Demopolis Historic Business District, The Demopolis Historic Business District is a historic district in the city of Demopolis Alabama United States. Demopolis had its beginnings in 1817 with the Vine and Olive Colony. The historic district is a ten block area roughly bounded by Capitol Street Franklin Street Desnouettes Street and Cedar Avenue.,6
7,Los Olmos Creek, Los Olmos Creek is a river in the U.S. state of Texas.,7
10,Bulbophyllum coniferum, Bulbophyllum coniferum is a species of orchid in the genus Bulbophyllum.,10
5,HMS Thrasher (N37), HMS Thrasher (N37) was a T-class submarine of the Royal Navy. She was laid down by Cammell Laird & Co Limited Birkenhead launched in November 1940 and had an active career in the Mediterranean and Pacific Far East.,5
12,Anchors Aweigh (film), Anchors Aweigh is a 1945 American Technicolor musical comedy film directed by George Sidney and starring Frank Sinatra Kathryn Grayson and Gene Kelly in which two sailors go on a four-day shore leave in Hollywood accompanied by music and song meet an aspiring young singer and try to help her get an audition at MGM. In addition to a live-action Kelly dancing with Jerry the cartoon mouse the movie also features José Iturbi Pamela Britton Dean Stockwell and Sharon McManus.,12
13,Environmental Science & Technology, Environmental Science & Technology is a biweekly peer-reviewed scientific journal published since 1967 by the American Chemical Society. It covers research in environmental science and environmental technology including environmental policy. The journal also includes a magazine section. According to the Journal Citation Reports the journal has a 2012 impact factor of 5.257.The current editor-in-chief is Jerald L. Schnoor.,13
13,Toxic (magazine), Toxic magazine was launched in September 2002 by London-based Egmont Publishing. The intention was to address the elusive boys' magazine market.,13
3,Patricia Djaté-Taillard, Patricia Djaté-Taillard (born 3 January 1971) is a retired French middle distance runner who specialized in the 800 and 1500 metres.She was born in Paris and represented the club SA Pamiers Basse Ariège. As a junior she finished eighth in the relay at the 1988 World Junior Championships and eighth in 800 metres at the 1990 World Junior Championships.,3
6,Church of the Sacred Heart of Jesus Węgierki, Church of the Sacred Heart of Jesus Węgierki is a Roman Catholic church in Węgierki Września County Poland.,6
4,Mike Kuglitsch, Mike Kuglitsch (born February 3 1960) is a Wisconsin politician and legislator.Born in Milwaukee Wisconsin Kuglitsch graduated from the UW-Whitewater in 1983. He has held leadership roles in the New Berlin Chamber of Commerce and the Wisconsin Restaurant Association. He was elected to the Wisconsin State Assembly in 2010.,4
10,Pradosia granulosa, Pradosia granulosa is a species of plant in the Sapotaceae family. It is endemic to Brazil. It is threatened by habitat loss.,10
3,Darren Maatsen, Darren Maatsen Dutch pronunciation: [ˈtɪm ˈeːk.mɑn] (born 30 January 1991) is a Dutch professional footballer who currently plays for Ross County in the Scottish Premiership.,3
13,Heart & Soul: Australia's First Families of Wine, Heart & Soul: Australia’s First Families of Wine is a 2010 book by Australian author Graeme Lofts about a collection of twelve multi generational Australian wine families from seventeen wine-growing regions across Australia and forty-eight generations of winemakers: Australia's First Families of Wine.,13
5,Honda S-MX, The Honda S-MX (Japanese: ホンダ・S-MX) is a minivan produced by the Honda Motor Company sold between 1996 and 2002.,13
0,Meijer, Meijer Inc. (/ˈmaɪ.ər/) is a regional American hypermarket chain with its corporate headquarters in Walker Michigan in the Grand Rapids metropolitan area; the facility has a Grand Rapids Michigan address. Founded in 1934 as a supermarket chain Meijer is credited with pioneering the modern supercenter concept in 1962. About half of the company's 200 stores are located in Michigan (Lower Peninsula only) with additional locations in Illinois Indiana Ohio and Kentucky.,0
10,Brunellia, Brunellia is a genus of trees in the family Brunelliaceae. It consists of 62 species which grow in the mountainous regions from southern Mexico to Bolivia. There are 10 species in Ecuador all but one of which occur in the Andean woodlands.,10
13,Malik Deenar (r) Kasaragod Andyavisramam Kollunna Swahabi, Malik Deenar (r) Kasaragod Andyavishram Kollunna Swahabi(Malayalam:മാലിക്ക് ദീനാറ് (റ) കാസറഗോട് അന്ത്യവിശ്രമം കൊള്ളുന്ന സ്വഹാബി)is an oeuvre done by Twaqa Ahmed Musliyar Al Ashari Qazi of Mangalore and prominent scholar of Malabar region. Books deal with history of Malik Deenar the disciple of prophet Muhammad in order to reveal the fact lingering on his arrival life and demise.,13
2,Ingo Niermann, Ingo Niermann (born 1969 Bielefeld Germany) is a German novelist writer and artist.,2
10,Iris confusa, Iris confusa also known as the Bamboo iris (Chinese: 扁竹兰; pinyin: Biǎn zhú lán) is a species of iris found in Western China.The flowers of the species may range from white to a soft lavender in color with orange-yellow crests and purple dots. The plant's broad shiny leaves are attached to bamboo-like stems.,10
0,Radical Studios, Radical Studios is an American multimedia studio with offices in Los Angeles.It has branches in feature films television physical and digital publishing merchandise recorded music digital and online media applications and mobile and social games.,0
4,Danny Julian Boggs, Danny Julian Boggs (born October 23 1944) is a Judge on the United States Court of Appeals for the Sixth Circuit. He was appointed to a newly created seat on that court on January 29 1986 by President Ronald Reagan confirmed by the U.S. Senate on March 3 and received his commission on March 25. He served as the Chief Judge of the Sixth Circuit from 2003 to 2009.,4
2,Ron Mathewson, Ron Mathewson (born 19 February 1944) is a Scottish jazz double bassist and bass guitarist born in Lerwick Shetland Isles Scotland. Mathewson is best known for his years spent working with Ronnie Scott but has also done recordings with Stan Getz Joe Henderson Ben Webster Philly Joe Jones Roy Eldridge Oscar Peterson and Bill Evans.,2
11,The Ugly Americans in Australia, The Ugly Americans in Australia is a live album by the Los Angeles New Wave band Wall of Voodoo mostly recorded at The Palace in Melbourne during the group's Australian tour in August 1987.Bassist Bruce Moreland had departed the group again by this stage and in order for Charles Gray to play bass in addition to his normal keyboard duties the group took on guest keyboardist Roger Mason from popular Australian band The Models.Two of the album's tracks Living in the Red and The Heart Never Can Tell were recorded at Big Joe's Bar 'n' Grill in Bullhead City Arizona. ,11
9,Erechthias kerri, Erechthias kerri is a moth of the Tineidae family. It is found in the Pacific region including the French Frigate Shoals Lisianski Laysan the Pearl and Hermes Reef Johnston Island and Hawaii.,10
9,Trotocalpe, Trotocalpe is a genus of moth in the family Geometridae.,10
12,To Be or Not to Be (1983 film), To Be or Not to Be is a 1983 American comedy-drama film directed by Alan Johnson and produced by Mel Brooks. The screenplay was written by Ronny Graham and Thomas Meehan based on the original story by Melchior Lengyel Ernst Lubitsch and Edwin Justus Mayer. A remake of the 1942 film of the same name the film starred Mel Brooks alongside his wife Anne Bancroft; Tim Matheson Charles Durning Christopher Lloyd and José Ferrer also had starring roles.,12
2,Bruno Levy, Bruno Levy (born August 3 1979) is a French filmmaker photographer and artist living in New York City. His artwork deals primarily with creating dynamic relationships between audio and video. He is best known for creating interactive video paintings and 3D video installations as part of the new media collective SWEATSHOPPE which he co-founded in 2009 with Blake Shaw. He has shot and directed music videos for bands such as The Walkmen and Modeselektor.,2
12,Killing Us Softly, Killing Us Softly: Advertising’s Image of Women is an American feminist documentary by Jean Kilbourne distributed by Cambridge Documentaries. The documentary was first released in 1979 and has since been updated and re-released several times most recently in 2010 with added and revised footage and commentary.,13
5,Rans S-19 Venterra, The Rans S-19 Venterra (English: wind over the earth) is an American single-engined tractor configuration two-seats in side-by-side configuration low-wing monoplane designed by Randy Schlitter as a light-sport aircraft and manufactured by Rans Inc. The Venterra is available as a complete factory-built aircraft and in kit form for amateur construction.,5
1,Brindavan College of Engineering, Brindavan College of Engineering (also referred to as BrCE) is an engineering college in Bangalore Karnataka India. The college is affiliated to the Visvesvaraya Technological University Belgaum and approved by the AICTE New Delhi. BrCE offers a four-year graduate programme in engineering leading to the award of the degree Bachelor of Engineering (B.E.).,1
10,Knautia arvensis, Knautia arvensis commonly known as Field Scabious is a species in the genus Knautia.It is a perennial plant that grows between 25 and 100 cm. It prefers grassy places and dry soils avoiding heavy soils and flowers between July and September. The flowered head is flatter than similar species Devils bit scabious and Small Scabious. There are 4 stamens in each flower and 1 notched long stigma.The fruit is nut like cylindrical and hairy 5–6 mm in size.It has a tap root.,10
8,Kin-u, Kin-u is a village in Mingin Township Kale District in the Sagaing Region of western Burma.,8
8,Al Muwayh, Al Muwayh is a village in Makkah Province in western Saudi Arabia.,8
13,Man's Estate, Man's Estate is a 1972 novel written by Australian author Jon Cleary set in the world of the British upper class. It is about a conservative British politician who survives World War II the King David Hotel bombing a Mau Mau attack and a horse riding accident. It was also known as The Ninth Marquess.,13
12,Rangi's Catch, Rangi’s Catch is a 1973 British film for children set and shot in New Zealand with one (Rangi) played by a young Temuera Morrison in his first role. Originally made with eight episodes for television; edited and cut for theatical release.,3
3,Aleksandr Dutov, Aleksandr Anatolyevich Dutov (Russian: Александр Анатольевич Дутов; born August 5 1982) is a Russian professional footballer. Currently he plays for FC Sokol Saratov. He made his debut in the Russian Premier League in 2002 for FC Uralan Elista.,3
1,Ravenscroft School, Ravenscroft School is an independent formerly Episcopal college preparatory school located in Raleigh North Carolina. It enrolls students from pre-school through grade 12. Founded in 1862 by members of Christ Episcopal Church the school continued under their principles until 1969 when it became non-sectarian.,1
1,St Cuthbert's Society, St Cuthbert's Society colloquially known as Cuths is one of sixteen collegiate bodies within the University of Durham. It was founded in 1888 for students who were not attached to the existing colleges. St Cuthbert's Society is a Bailey college based on Durham's peninsula next to the River Wear although it also has other accommodation elsewhere within the city.St Cuthbert's retains its title of 'society' although its workings have changed since its formation.,1
2,Henri Virlogeux, Henri Virlogeux (1924–1995) was a French actor.,13
12,The Tailor from Ulm, The Tailor from Ulm (German: Der Schneider von Ulm) is a 1979 West German drama film directed by Edgar Reitz. It was entered into the 11th Moscow International Film Festival.,12
3,Patrick van Aanholt, Patrick John Miguel van Aanholt (born 29 August 1990) is a Dutch footballer who plays for Vitesse on loan from Chelsea as a left back.,3
2,Công Quốc Hà, Công Quốc Hà (born on 29 October 1955) is an acclaimed Vietnamese artist and lacquer painter. He was born in Hanoi in 1955 and graduated from the Hanoi Industrial Fine Arts College.Cong Quoc Ha is one of the most active and best known Vietnamese lacquer painters. He is well known for his elegant female figures. He belongs to a group of artists who revived the art of traditional Vietnamese lacquer painting and gave it a modern face around the world.,2
3,Charles Hugh Alison, Charles Hugh Alison (5 March 1883 – 20 October 1952) was a British golf course architect. He worked predominantly with Harry Colt John Morrison and Alister MacKenzie in 1928 forming Colt Alison & Morrison Ltd.,3
11,Leader of the Starry Skies – A Loyal Companion, Leader of the Starry Skies – A Loyal Companion is a limited edition compilation album featuring cover versions of songs by Tim Smith (the songwriter behind Cardiacs The Sea Nymphs Spratleys Japs and Panixphere). It was released on CD on December 13 2010 on the Believers Roast label (via Genepool distribution).,11
8,Wiłunie, Wiłunie [viˈwuɲe] is a village in the administrative district of Gmina Janowiec Kościelny within Nidzica County Warmian-Masurian Voivodeship in northern Poland. It lies approximately 4 kilometres (2 mi) west of Janowiec Kościelny 8 km (5 mi) south-east of Nidzica and 54 km (34 mi) south of the regional capital Olsztyn.,8
6,St. Peter's Episcopal Church (Harrisonville Missouri), St. Peter's Episcopal Church is a historic church at 400 W. Wall Street in Harrisonville Missouri.It was built in 1895 and added to the National Register in 1982.,6
10,Trachycarpus latisectus, Trachycarpus latisectus (formerly Trachycarpus sikkimensis ined.) is an attractive palm tree with large leathery leaves with exceptionally wide segments and a thick bare and ringed trunk. Its fan-shaped leaves resemble those of Livistona. It has a bare trunk and its seeds resemble those of T. martianus.Trachycarpus latisectus is commonly known as Windamere palm for the locality where its first botanical description was made the garden of the famous Windamere Hotel in Darjeeling India.,10
9,Fracara, Fracara is a genus of moths of the Noctuidae family.,9
2,Brian Lewis (illustrator), Brian Moncrieff Lewis (3 June 1929 – 4 December 1978) was a British science fiction illustrator comics artist and animator.Lewis served in the RAF and became involved in science fiction fandom in the early 1950s. His first professional illustration was for the Radio Times and he began contributing to New Worlds in 1954 painting forty covers for the magazine. He also painted 21 covers for Science Fantasy 19 for Science Fiction Adventures and a few for Digit Books between 1957 and 1962.,13
3,Herbert Waddell, Herbert Waddell (19 September 1902 – 5 January 1988) was a Scottish rugby union fly-half who played club rugby for Glasgow Academicals and international rugby for Scotland and the British Isles. Waddell was heavily involved with the invitational tourist team the Barbarians not only playing for the club but also became the fifth president of the club in 1973,3
2,Harold Danko, Harold Danko (born June 13 1947 Ohio) is an American jazz pianist.Danko attended Youngstown State University. Among his credits are work in the big bands of Woody Herman and Thad Jones/Mel Lewis as well as smaller ensembles with Gerry Mulligan Chet Baker and Lee Konitz.,13
2,Nerida Newton, Nerida Newton (born 1972) is an Australian novelist whose first novel The Lambing Flat won the Emerging Author category for the Queensland Premier's Literary Awards and was shortlisted for the The Australian/Vogel Literary Award. In 2004 The Lambing Flat was shortlisted the Commonwealth Writers' Prize for the Asia/Pacific region (Best First Book) and One Book One Brisbane. Later that year Nerida was named by the Sydney Morning Herald as one of Australia's best young novelists.,13
0,Windsor Vineyards, Windsor Vineyards is a winery located in Windsor California USA.Founded in 1959 in Tiburon California by winemaker Rodney Strong Windsor Vineyards has been referred to as a pioneer in the direct-to-consumer wine business and remains one of the largest direct-to-consumer wineries in the United States.,0
13,Bulletin of Marine Science, The Bulletin of Marine Science is a peer-reviewed scientific journal published by the Rosenstiel School of Marine and Atmospheric Science of the University of Miami. The journal was established in 1951 as the Bulletin of Marine Science of the Gulf and Caribbean and obtained its current name in 1965. All content is available electronically and for issues older than three years free of charge.,13
13,Weekly Shōnen Champion, Weekly Shōnen Champion (週刊少年チャンピオン Shūkan Shōnen Champion) is a weekly shōnen manga magazine published by Akita Shoten.,13
10,Stebbinsoseris heterocarpa, Stebbinsoseris heterocarpa (syn. Microseris heterocarpa) is a species of flowering plant in the aster family known by the common name grassland silverpuffs. This is a hybrid between Microseris douglasii and Uropappus lindleyi which is thought to have evolved independently at least three times.,10
7,Pârâul Bisericii (Racovița), The Pârâul Bisericii is a tributary of the Racovița River in Romania.,7
7,Carson River (Western Australia), The Carson River is a river in the Kimberley of Western Australia.The headwaters of the river rise at the base of the Foster Range near the southwestern edge of the Drysdale River National Park. The river flows in a northerly direction along the Carson Escarpment and discharges into the King Edward River near Aragoon about 12 kilometres (7 mi) south of Kalumburu. The river has four tributaries including Morgan River Swida Creek and Pronga-Marie Creek.,7
6,Grant County Courthouse (West Virginia), Grant County Courthouse also known as the Old Grant County Courthouse is a historic county courthouse located at Petersburg Grant County West Virginia. The original section was built in 1878-1879 and expanded in 1909. It is composed of three two story brick rectangles consisting of a large center section with lower and narrower wings. The building is styled with Neo-Colonial design features.,6
8,Kotathattu, Kotathattu is a village in the southern state of Karnataka India. It is located in the Udupi taluk of Udupi district in Karnataka.,7
9,Propebela exarata, Propebela exarata is a species of sea snail a marine gastropod mollusk in the family Conidae the cone snails and their allies.,9
9,Barred Rail, The Barred Rail (Gallirallus torquatus) is a species of bird in the Rallidae family.It is found in Indonesia and the Philippines.,10
8,Kash Qalman-e Pain, Kash Qalman-e Pain (Persian: كشقلمان پائين‎ also Romanized as Kash Qalmān-e Pā’īn) is a village in Band-e Zarak Rural District in the Central District of Minab County Hormozgan Province Iran. At the 2006 census its population was 232 in 40 families.,8
7,Beaverhill Lake, Beaverhill Lake (Cree: amisk-wa-chi-sakhahigan) is a large lake in central Alberta Canada. It is a site of regional importance in the Western Hemisphere Shorebird Reserve Network. It is managed by the Canadian Wildlife Service division of Environment Canada.It is located 70 km southeast of Edmonton near the town of Tofield and lies in the hydrographic basin of North Saskatchewan River.As recently as 1990 the lake had a total area of 139 km² and a maximum depth of only 2.3 m.,7
12,Tu mi turbi, Tu mi turbi (also known as You Upset Me and You Disturb Me) is a 1983 Italian anthology comedy film written directed and starred by Roberto Benigni. It is both the directorial debut of Benigni and the film debut of Nicoletta Braschi.,12
7,Sanetschhorn, The Sanetschhorn (or Mont Brun) is a mountain in the Bernese Alps overlooking the Sanetsch Pass in Switzerland. It is located between the cantons of Valais and Berne east of the Diablerets.,7
4,Maurice Morrow Baron Morrow, Maurice George Morrow Baron Morrow (born 27 September 1948) is a Northern Irish unionist politician. He is one of two Democratic Unionist MLAs for Fermanagh and South Tyrone alongside Arlene Foster and was made a life peer in June 2006.,4
6,Herbert A. Sadler House, Herbert A. Sadler House is a historic house at 574 Newport Avenue in Attleboro Massachusetts.The house was built in 1906 and added to the National Historic Register in 1982.,6
10,Lockhartia oerstedii, Lockhartia oerstedii is a species of orchid native to Mexico Guatemala Nicaragua Honduras Costa Rica Panama and Colombia. The species usually grows in mountain forests.,10
10,Glebionis, Glebionis is a small genus of flowering plants in the family Asteraceae native to Europe and the Mediterranean region. The species were formerly treated in the genus Chrysanthemum but a recent ruling of the International Code of Botanical Nomenclature has resulted in that genus being redefined to cover the species related to the economically important florist's chrysanthemum thereby excluding these species.Selected speciesGlebionis carinata (syn.,10
6,Business Tower, The Business Tower is a 25-floor tower in the Business Bay in Dubai United Arab Emirates. Construction of the Business Tower was completed in 2011.,6
9,Starksia brasiliensis, Starksia brasiliensis is a species of labrisomid blenny native to the Atlantic coast of Brazil. This species can reach a length of 3.5 centimetres (1.4 in) TL.Froese Rainer and Pauly Daniel eds. (2013). Starksia brasiliensis in FishBase. October 2013 version.</ref>,10
0,Telenet (Belgium), Telenet Group is the largest provider of cable broadband services in Belgium. Its business comprises the provision of analog and digital cable television fixed and mobile telephone services primarily to residential customers in Flanders and Brussels. In addition Telenet offers services to business customers all across Belgium and in Luxembourg under its brand Telenet Solutions.Since 11 October 2005 Telenet has been listed on the Euronext stock exchange under the ticker TNET.,0
10,Luzonia, Luzonia is a genus of flowering plants in the legume family Fabaceae. It belongs to the subfamily Faboideae.,10
6,Hilton Orlando Lake Buena Vista, The Hilton Orlando Lake Buena Vista is an AAA Four-Diamond hotel located adjacent to the Downtown Disney complex located on Walt Disney World Resort property in Lake Buena Vista Florida. The 23-acre (9.3 ha) hotel which opened in November 1983 is among seven hotels that make up the Downtown Disney Resort Area Hotels.,7
10,Ulmus canescens, Ulmus canescens Melville is a small deciduous tree occasionally known by the common names Grey Elm Grey-leafed Elm and Hoary Elm. Its natural range extends through the lands of the central and eastern Mediterranean from southern Italy the islands of Sicily Malta Crete Rhodes and Cyprus to Turkey and as far south as Israel where it is now considered rare and endangered [1].,10
10,Tillandsia 'Redy', 'Redy' is a hybrid cultivar of the genus Tillandsia in the Bromeliad family.,10
7,Green River (North Fork Toutle River), Not to be confused with the Green River in King County Washington.The Green River is the largest tributary of the North Fork Toutle River in the U.S. state of Washington. Situated near Mount Saint Helens in the Cascade Range in the southern part of the state it flows generally west through wild forested valleys for 37.4 miles (60.2 km).,7
7,Lake Kenozero, Lake Kenozero (Russian: Кенозеро) is a freshwater lake located in the south-west of Plesetsky District of Arkhangelsk Oblast in Russia. It is one of the biggest lakes in Arkhangelsk Oblast and the biggest one in Plesetsky District. The area of the lake is 68.6 square kilometres (26.5 sq mi) and the area of its basin is 5450 square kilometres (2100 sq mi). Lake Kenozero is the source of the Kena River a tributary of the Onega River.,7
13,The Sewanee Review, The Sewanee Review is a literary journal established in 1892 and the oldest continuously published periodical of its kind in the United States. It incorporates original fiction and poetry as well as essays reviews and literary criticism. It notably published five stories by Flannery O'Connor the dramatic version of Robert Penn Warren's All the King's Men and Cormac McCarthy's first published work—a selection from his first novel The Orchard Keeper.,13
13,Literaturnaya Gazeta, Literaturnaya Gazeta (Literary Newspaper Russian: Литературная газета) is a weekly cultural and political newspaper published in Russia and Soviet Union.,13
2,Louise Lee, Louise Lee Si-Kei (Chinese: 李司棋; born 26 September 1950 in Hong Kong with her family roots in Tianjin) is a Hong Kong actress and former Chinese Canadian newscaster.,4
6,St Mary's Church Coddington, St Mary's Church Coddington is in the civil parish of Coddington Cheshire England. The church is designated by English Heritage as a Grade II listed building. It is an active Anglican parish church in the diocese of Chester the archdeaconry of Chester and the deanery of Malpas. Its benefice is combined with that of St Chad's Farndon.,6
12,Season's Greetings (film), Season's Greetings is an delayed Bollywood coming-of-age romance comedy film directed by Vicky Chopra and produced under the banner UTV Motion Pictures. The film is expected to feature Tabu in the lead role opposite the four male leads Shreyas Talpade Jaaved Jaaferi Aashish Chaudhary and Vatsal Seth who last appeared together in the film Paying Guests.,12
4,Jan Kubice, Jan Kubice (b. 3 October 1953) is a Czech politician who served as Minister of the Interior of the Czech Republic from April 2011 to July 2013. He was previously in charge of the Unit for Combating Organised Crime (Czech: Útvar pro odhalování organizovaného zločinu ÚOOZ).,4
13,Staying On, Staying On is a novel by Paul Scott which was published in 1977 and won the Booker Prize.,13
4,Louis Kafka, Louis L. Kafka (born November 28 1945 in Boston Massachusetts) is an American politician who represents the 8th Norfolk District in the Massachusetts House of Representatives.,4
1,Mother McAuley Liberal Arts High School, Mother McAuley Liberal Arts High School is an all-girl Catholic high school located in the Mount Greenwood neighborhood of Chicago Illinois at 3737 West 99th Street. It is located in the Roman Catholic Archdiocese of Chicago. Mother McAuley is the largest all girls high school in the country.,1
13,The Shield Ring, The Shield Ring is a historical novel for children written by Rosemary Sutcliff and published in 1956.,13
11,Anti-Social Personality Disorder – Live, Anti-Social Personality Disorder – Live! is a live GG Allin album. Initially intended to be released by Enigma Records; the label cancelled the release and denied signing Allin after his assault arrest that year.,11
13,Coup de Grâce (novel), Coup de Grâce (French: Le Coup de grâce) is a 1939 novel in French by Marguerite Yourcenar. The narrative is a triangle drama set in the Baltics during the Russian Civil War (1917-1922).It was adapted into the 1976 film Coup de Grâce directed by Volker Schlöndorff.,12
7,Savery Pond (Plymouth Massachusetts), Savery Pond is a 33-acre (130000 m2) pond in Ellisville section of Plymouth Massachusetts in the Eastland Heights neighborhood approximately 2000 feet (610 m) from Route 3A off Old Sandwich Road. Indian Head Campground maintains a beach along the southern shore of the pond.,7
3,John Dittrich, John Dittrich was a player in the National Football League and American Football League for the Chicago Cardinals Green Bay Packers Oakland Raiders and the Buffalo Bills as a guard. He played at the collegiate level at the University of Wisconsin–Madison.,3
11,RTFM (album), RTFM is the fifth album by American alternative rock band Poster Children released in 1997. The album title comes from the term RTFM short for Read The Fucking Manual.,11
13,Molecular Phylogenetics and Evolution, Molecular Phylogenetics and Evolution is a peer-reviewed scientific journal of evolutionary biology and phylogenetics. The journal is edited by D.E. Wildman.,13
11,Portrait of Sinatra: Columbia Classics, Portrait of Sinatra: Columbia Classics is a compilation album by Frank Sinatra released in 1997. This compilation was later re-released in 2010 as The Essential Frank Sinatra: The Columbia Years.While some prefer the Sinatra of the Capitol era citing that work as more elegant and artful the recordings Frank made for Columbia in the 1940s and early '50s are just as important. They represent a different phase in Sinatra's evolution but are no less striking in their emotional impact.,11
13,The New Republic, The New Republic (TNR) is a liberal American magazine of commentary on politics and the arts published continuously since 1914. A weekly for most of its history it is currently published 20 times per year with a circulation of approximately 50000.In March 2012 Chris Hughes became the publication's owner editor-in-chief and publisher.,13
3,Chauncey O'Toole, Chauncey O'Toole (born 22 February 1986 in Saint John New Brunswick) is a Canadian rugby union player. O'Toole can play any position across the back-row but his preferred position is at openside flanker. O'Toole made his debut for the Canadian national men's team against Ireland on May 23 2009.Chauncey O'Toole was raised in Belleisle New-Brunswick. He attended Belleisle Regional High School where he played rugby for the school team.,3
3,Hans von Blixen-Finecke, Baron Hans Gustaf von Blixen-Finecke (25 July 1886 – 26 September 1917) was a Swedish equestrian champion who competed in the 1912 Summer Olympics. He was born in Näsbyholms castle Skurup and died in an airplane crash in 1917.,3
11,Touch (The Supremes album), Touch is an album by The Supremes released in the summer of 1971 on the Motown label. It includes the singles: Nathan Jones and Touch the first charting Supremes single to feature a lead vocal by founding member Mary Wilson. Touch was the first post-Diana Ross Supremes single (not counting the Four Tops duet You Gotta Have Love in Your Heart) to miss the US top 40 peaking at #71.The LP was the final Frank Wilson-produced Supremes' album.,11
0,Spin Records (American label), For the Australian record label of the same name see Spin Records (Australian label).Spin Records was a record label jointly owned by songwriter Otis René and rhythm and blues performer and music arranger Preston Love.,0
11,In Exile, [In] Exile is the third full-length studio album by Australian rock band After the Fall released through Roadrunner Records on 28 August 2009. The album was produced engineered and mixed by Richard Stolz.In 2008 the band gave fans the opportunity to hear numerous demos from the album through their MySpace blog whilst they were recording. After previously releasing their albums through major record labels the band decided to release independently.,11
5,Tom Thumb (locomotive), Tom Thumb was the first American-built steam locomotive used on a common-carrier railroad. Designed and built by Peter Cooper in 1830 it was designed to convince owners of the newly formed Baltimore and Ohio Railroad (B&O) to use steam engines. It is especially remembered as a participant in an impromptu race with a horse-drawn car; the Tom Thumb led the race until a belt slipped off a pulley and the engine lost power.,5
8,Khvansarak, Khvansarak (Persian: خوانسارك‎ also Romanized as Khvānsārak Khvānsarak and Khvonsārak; also known as Khūnsārak) is a village in Garkan-e Shomali Rural District Pir Bakran District Falavarjan County Isfahan Province Iran. At the 2006 census its population was 1732 in 425 families.,8
0,Knowledge Ontario, Knowledge Ontario is a non-profit organization supporting a number of related province-wide initiatives in Ontario Canada providing library and information resources learning experiences and related services to people across all ages locations education levels and cultural institutions. Knowledge Ontario currently comprises five projects: Ask Ontario (or AskON) Connect Ontario Learn Ontario Our Ontario and Resource Ontario as well as the eResources Portal which was launched in 2010.,8
6,Vysotsky (skyscraper), Vysotsky (Russian: Высоцкий) is the name of a skyscraper in Yekaterinburg. It is the tallest building in Russia outside of Moscow and the northernmost building over 150 meters tall worldwide although the tallest structure in Yekaterinburg is the unfinished TV tower on the shore of Lake Shartash.,6
12,The Next Karate Kid, The Next Karate Kid (aka The Karate Kid Part IV) is a 1994 American martial arts drama film starring Pat Morita and Hilary Swank. It is the fourth and final film in the original The Karate Kid series. It was directed by Christopher Cain written by Mark Lee with music by Bill Conti. This is the only film in the original series that does not feature Ralph Macchio in the lead role and that was not directed by John G. Avildsen.,12
1,Indiana University – Purdue University Columbus, Indiana University—Purdue University Columbus (IUPUC) is a public university located in Columbus Indiana. IUPUC offers degree programs from both Indiana University and Purdue University.,1
10,Utricularia terrae-reginae, Utricularia terrae-reginae is a small probably annual carnivorous plant that belongs to the genus Utricularia. U. terrae-reginae is endemic to the Cape York Peninsula of Queensland Australia where it is only known from two locations. It grows as a terrestrial plant in sedge flats in shallow water or in open Melaleuca woodland at lower altitudes. It was originally described and published by Peter Taylor in 1986.,10
11,Where My Christmas Lives EP, Where My Christmas Lives EP is a limited edition studio EP by American rock band 3 Doors Down released in 2009. The EP contains a new single Where My Christmas Lives and its acoustic version along with 6 acoustic versions of songs from the band's 2008 self-titled album. It is exclusively available by digital download from places like iTunes.,11
13,Art Papers, ART PAPERS is a non-profit bimonthly magazine about contemporary art. Established in 1977 as the Atlanta Art Workers Coalition Ltd. Newsletter it is the only critical arts magazine published in the Southeastern United States (Atlanta GA).,13
10,Kokia drynarioides, Kokia drynarioides commonly known as Hawaiian Tree Cotton is a species of flowering plant in the mallow family Malvaceae that is endemic to the Big Island of Hawaii. It inhabits dry forests at elevations of 455–1915 m (1493–6283 ft).,10
0,Virgin Classics, Virgin Classics was a French record label founded in 1988 as part of Richard Branson's Virgin Records.The unit along with EMI Classics was acquired by Universal Music in 2012 as part of the takeover of the EMI Group however the terms of the European Commission's September 2012 approval of the takeover requires divestment of the classical labels which were sold on 7 February 2013 to Warner Music Group. The European Union approved the deal on May 2013.,11
1,Dufur School District, Dufur School District #29 is a K-12 school district of approximately 280 students in Dufur Oregon United States.,1
11,Duran Duran (1981 album), Duran Duran is the debut album by the English pop rock band Duran Duran released worldwide on EMI Records on 15 June 1981.The album reached No. 3 on the United Kingdom charts and remained in the UK Top 100 for 117 weeks achieving platinum status by December 1982. The initial United States release was unsuccessful but the album was reissued there in 1983 following the success of the band's second album Rio. This time it reached No.,11
2,Aleksandar Srnec, Aleksandar Srnec (30 July 1924 – 27 March 2010) was a Croatian artist. He is mainly known for his avant-garde designs and kinetic and lumino kinetic art.Srnec was one of the founding members of the Exat 51 group whose active members between 1950 and 1956 were the architects Vjenceslav Richter Bernardo Bernardi Zdravko Bregovac Božidar Rašica and Vladimir Zaharović and the painters Vlado Kristl and Ivan Picelj. He made abstract art based on the use of geometric shapes.,2
4,Harry Meshel, Harry Meshel (born June 13 1924) is an American Democratic (retired) politician. He served as the president of the Ohio State Senate and chairman of the Ohio Democratic Party. Meshel is noted for his legislative efforts on behalf of the disabled economic development and solid and hazardous waste disposal.,4
5,SM UC-7, SM UC-7 was a German Type UC I minelayer submarine or U-boat in the German Imperial Navy (German: Kaiserliche Marine) during World War I. The U-boat had been ordered by November 1914 and was launched on 6 July 1915. She was commissioned into the German Imperial Navy on 9 July 1915 as SM UC-7. Mines laid by UC-7 in her 34 patrols were credited with sinking 32 ships.,5
4,Habibullah Fawzi, Habibullah Fawzi is a citizen of Afghanistan who was a senior diplomat during the Taliban's administration of Afghanistan and was appointed to the Afghanistan High Peace Council in September 2010.Fawzi had served as the Charge D'Affairs at the Taliban's embassy in Saudi Arabia.On January 7 2002 Newsday described Habibullah as one of the senior Taliban leaders who had defected went into exile in Pakistan and were seeking a peaceful role in Afghanistan's politicis.The defectors revived a defunct political party Jamiat Khudamul Furgan translated as Association of the servants of the Quran.In 2005 Habibullah and three other former Taliban leaders described as moderates Abdul Hakim Mujahid Arsullah Rahmani and Rahmatullah Wahidyar met with officials of the Hamid Karzai administration to discuss the possible surrender of active Taliban fighters.Radio Free Europe interviewed Habibullah in March 2005.In an interview published on March 4 2005 Radio Free Europe Habibullah said that the moderates had been in talks with the Karzai administration for the previous two years.Habibullah and the other three men had been named on the United Nations 1267 list a list of several hundred individuals upon whom member nations were to impose financial sanctions because they were suspected of playing a role in international terrorism.The list was first published in 1999.The United Nations removed Habibullah and the other three men in July 2011.In September 2011 Habibullah was one of the former Taliban officials who offered details as to how a Taliban messenger had assassinated Burnahuddin Rabbani the former President of Afghanistan who chaired the High Peace Council. ,4
3,Stuart Gauld, Stuart Gauld (born 26 March 1964 in Edinburgh Scotland) is a former Scottish footballer who played as both a full back and a center back.During his career Gauld played for Salvesen Boys Club Hearts Derry City FC St.,3
2,Lady Linn, Lady Linn (Sint-Amandsberg 1981) is the artist name of the Flemish singer Lien De Greef. She does live performances with her group Lady Linn And Her Magnificent Seven. The band brings a mix of jazz pop and soul.,2
6,William Wellington House, The William Wellington House is a historic house at 785 Trapelo Road in Waltham Massachusetts. It was built in 1779 and added to the National Register of Historic Places in 1989. The house stayed in two families until somewhere around 1930 when it was acquired by Middlesex County Hospital. Prior to renovations it had been abandoned for over 20 years.The home was purchased as part of a development of condominiums nearby now known as Wellington Crossing.,6
0,Kiwi International Air Lines, Kiwi International Air Lines (IATA: KP ICAO: KIA Call sign: Kiwi Air) was a Part 121 American airline that operated from September 21 1992 to March 24 1999. It had its headquarters in the Hemisphere Center in Newark New Jersey.Kiwi International was founded by a group of Eastern Air Lines pilots led by Robert Iverson in a plan to re-employ former Eastern and Pan Am pilots and managers using their help and capital. In its history the airline flew 8000000 passengers without an incident.,0
0,Scantraxx Silver, Scantraxx Silver is a Dutch record label and a sublabel of Scantraxx records. Scantraxx Silver hosts the artists A-Lusion Bioweapon and Scope DJ among others. Silver was founded in 2008 and is used to release various miscellaneous releases. Scantraxx Silver switched to a Digital Only method of distribution in the year 2010 and now releases songs exclusively to Hardstyle.com two weeks before they do to all other download portals.,0
2,Eric Hobsbawm, Eric John Ernest Hobsbawm CH FBA FRSL (/ˈhɒbz.bɔːm/; 9 June 1917 – 1 October 2012) was a British Marxist historian of the rise of industrial capitalism socialism and nationalism.,4
0,MarkMonitor, MarkMonitor Inc. is an American software company founded in 1999. It develops software intended to protect corporate brands from Internet counterfeiting fraud piracy and cybersquatting. It also develops and publishes reports on the prevalence of brand abuse on the Internet. MarkMonitor acquired AllDomains in 2001 and DtecNet in 2010. MarkMonitor was then purchased by Thomson Reuters in 2012.,0
10,Shorea hopeifolia, Shorea hopeifolia (also called Yellow Meranti) is a species of plant in the Dipterocarpaceae family. It is found in Indonesia Malaysia and the Philippines.,10
1,Tuacahn High School for the Performing Arts (Utah), Tuacahn High School for the Performing Arts was the first public charter high school in the state of Utah. Tuacahn High School is located in Ivins Utah just outside of St. George. The school offers a full college preparatory curriculum while focusing in depth on the various areas of the performing arts.,1
13,The Land of Foam, The Land of Foam also known as At the Edge of Oikoumene (Russian: На краю Ойкумены Na krayu Oikumeny) and Great Arc (Великая Дуга Velikaya Duga) is a novel written by the Soviet writer Ivan Yefremov in 1946.,13
8,Sirom, Sirom (Persian: سيرم‎ also Romanized as Sīrom and Sīrūm) is a village in Tang-e Haft Rural District Papi District Khorramabad County Lorestan Province Iran. At the 2006 census its population was 31 in 8 families.,8
12,Once You're Born You Can No Longer Hide, Once You're Born You Can No Longer Hide (Italian: Quando sei nato non puoi più nasconderti) is a 2005 Italian drama film directed by Marco Tullio Giordana. The film concerns undocumented migration to Italy via the Mediterranean.,12
3,Kris Clack, Kris Clack (born July 6 1977) is an American professional basketball player formerly for the University of Texas. During his college career he scored 1592 points and grabbed 771 rebounds. He was the first McDonald's High School All-American in school history. He entered the 1999 NBA Draft and was picked 55th overall by the Boston Celtics but he never signed with an NBA team.,3
10,Bulbophyllum menglunense, Bulbophyllum menglunense is a species of orchid in the genus Bulbophyllum.,10
1,University of Pittsburgh School of Information Sciences, The University of Pittsburgh - School of Information Sciences (or SIS) is one of the nation’s pioneering schools in the education of information professionals with a history that reaches back more than a hundred years to the days of Andrew Carnegie. As of 2009 it is ranked 10th in the list of Top Schools of Library and Information Studies by US News & World Report and is one of the original members in the list of I-Schools.,1
12,Diary of a High School Bride, Diary of a High School Bride is a 1959 film directed by Burt Topper about a seventeen-year-old high school student who gets married. The lead actor Anita Sands had never acted before. The movie was shot over seven days. Contemporary reviews were poor.Leftover sets for the film were used by Roger Corman to shoot Bucket of Blood (1959).,12
13,Philosophy: The Quest for Truth, Philosophy: The Quest for Truth is an introductory philosophy textbook edited by Louis P. Pojman and Lewis Vaughn in its seventh edition as of May 2008. The book provides a selection of classical and contemporary readings on nineteen key problems in philosophy.,13
10,Huperzia australiana, Huperzia australiana is a species of small terrestrial plant a firmoss or tassel fern in the Lycopodiaceae (clubmoss) family. It is native to Australia and New Zealand.,10
2,Snatam Kaur, Snatam Kaur Khalsa (Punjabi: ਸਨਾਤਮ ਕੌਰ ਖ਼ਾਲਸਾ born 1972 in Trinidad Colorado) is an American singer and songwriter. Kaur performs Indian devotional music kirtan and tours the world as a peace activist. The name Kaur meaning princess is shared by all female Sikhs.,2
8,Kodalgi, Kodalgi (Kannada: ) is a village in the southern state of Karnataka India. Administratively Kodalgi is under Baichabal gram panchayat Shorapur Taluka of Yadgir District in Karnataka. The village of Kodalgi is 2.3 km by road north of the village of Baichbal and 15 km by road south of the village of Kembhavi. The nearest railhead is in Yadgir.,7
6,Manor house in Podstolice, Manor house in Podstolice (Polish: Dwór w Podstolicach) - historic manor house in Podstolice in Września Country in Greater Poland.,6
2,Zinaida Gippius, Zinaida Nikolaevna Gippius (Russian: Зинаи́да Никола́евна Ги́ппиус IPA: [zʲɪnɐˈidə nʲɪkɐˈlajɪvnə ˈɡʲipʲɪus] ; November 20 1869 – September 9 1945) was a Russian poet playwright editor short story writer and religious thinker who has been credited as a co-founder of Russian symbolism and seen as one of the most enigmatic and intelligent women of her time in Russia. She was married to philosopher Dmitriy Sergeyevich Merezhkovsky.,2
1,Yerba Buena High School, Yerba Buena High School is a public comprehensive four-year high school located in the East San Jose area of San Jose California USA. It has been the safest school in the East Side Union High School District for three consecutive years and its athletic teams are well-known. This school has the Engineering MAGNET program and the Construction MAGNET program.,1
8,Pelena Eastern Province, Pelena Eastern Province is a village in Sri Lanka. It is located within Central Province.,8
6,Ceresota Building, Northwestern Consolidated Milling Company Elevator A also known as the Ceresota Building and The Million Bushel Elevator was a receiving and public grain elevator built by the Northwestern Consolidated Milling Company in 1908 in Minneapolis Minnesota in the United States. The building is a contributing property of the Saint Anthony Falls History District listed in the National Register of Historic Places in 1971.,6
10,Dypsis mananjarensis, Dypsis mananjarensis is a species of flowering plant in the Arecaceae family.It is found only in Madagascar.It is threatened by habitat loss.,10
2,Dvora Bochman, Dvora Bochman (Hebrew: דבורה בוצ'מן‎) (born 1950) is an Israeli artist painter sculptor graphic designer and art educator.,2
2,Yui Makino, Yui Makino (牧野由依 Makino Yui) is a Japanese voice actress actress singer and pianist. She is best known for her work in the anime Tsubasa: Reservoir Chronicle and Aria. She can speak basic English.[citation needed] She also participated voicing the character Sister in a short-anime movie Bavel no Hon when she was 10 as a child actor.Because of her signature childish and girlish voice she often voices cheerful innocent sweet girls. But she also tends to voice kuudere girls.,2
4,Hernando Money, Hernando DeSoto Money (August 26 1839 – September 18 1912) was an American politician from the state of Mississippi.,4
0,Philo Records (folk), Philo Records was founded in 1973 by half-brothers Michael Couture and Bill Schubart to record and distribute folk and traditional music. Over the course of its nine-year history before its sale to Rounder Records in 1982 Philo produced roughly 100 albums of folk traditional and later jazz world and new music from a converted barn-studio in North Ferrisburg Vermont.,0
3,Eugen Beza, Eugen Beza (born 1 July 1978) is a Romanian professional football player. As of January 2010 he plays for Voinţa Sibiu.,3
10,Potentilla neumanniana, Potentilla neumanniana the spring cinquefoil or spotted cinquefoil is a flowering plant of the cinquefoil genus (Potentilla) in the rose family (Rosaceae). It was first scientifically described by H.G.L. Reichenbach in 1832. P.F.A. Ascherson later called it P. tabernaemontani a name which is now invalid. The name P. verna was misapplied to this species; as originally described by Linnaeus it actually refers to the alpine cinquefoil (P.,10
2,Bheki Mseleku, Bhekumuzi Hyacinth Mseleku generally known as Bheki Mseleku (3 March 1955 – 9 September 2008) was a jazz musician from South Africa. He was a pianist saxophonist guitarist composer and arranger who was entirely self-taught.,2
6,Palace Hotel Tokyo, Palace Hotel Tokyo (パレスホテル東京) is a hotel in the Marunouchi business district of Tokyo Japan consisting of 290 guestrooms 10 restaurants and bars and other facilities. The hotel is located across from the Otemon Gate of the Imperial Palace.,6
10,Tecophilaea cyanocrocus, Tecophilaea cyanocrocus (Chilean blue crocus) is a flowering perennial plant that is native to Chile growing at 2000 to 3000 m (6600 to 9800 ft) elevation on dry stony slopes in the Andes mountains. Although it had survived in cultivation due to its use as a greenhouse and landscape plant it was believed to be extinct in the wild due to overcollecting overgrazing and general destruction of habitat until it was rediscovered in 2001.,10
6,Ducal Palace of Vila Viçosa, The Ducal Palace of Vila Viçosa (Portuguese: Paço Ducal de Vila Viçosa) is a palace located in the civil parish of Nossa Senhora da Conceição in the municipality of Vila Viçosa in the Portuguese Alentejo.,6
8,Las Lagunas San Luis, Las Lagunas (San Luis) is a village and municipality in San Luis Province in central Argentina.,8
6,Skoganvarre Chapel, Skoganvarre Chapel (Norwegian: Skoganvarre kapell) is a chapel in Porsanger Municipality in Finnmark county Norway. It is located in the village of Skoganvarre. The chapel is part of the Porsanger parish in the Indre Finnmark deanery in the Diocese of Nord-Hålogaland. The wooden chapel was built in 1963 and it seats about 90 people.,6
12,Roxie Hart (film), Roxie Hart is a 1942 American comedy film directed by William A. Wellman and starring Ginger Rogers Adolphe Menjou George Montgomery Nigel Bruce Phil Silvers William Frawley and Spring Byington. It is also more known as Chicago or Chicago Gal.,12
0,BellSouth Mobility DCS, BellSouth Mobility DCS LLC headquartered in Atlanta Georgia was a BellSouth subsidiary.BellSouth Mobility DCS operated 1900 MHz GSM networks in a number of states in the South clustered around South Carolina.,1
7,Grand Union Canal, The Grand Union Canal in England is part of the British canal system. Its main line starts in London and ends in Birmingham stretching for 137 miles (220 km) with 166 locks. It has arms to places including Leicester Slough Aylesbury Wendover and Northampton.The Grand Union Canal was also the original name for part of what is now part of the Leicester Line of the modern Grand Union: this latter is now generally referred to as the Old Grand Union Canal to avoid ambiguity.,7
2,Erin Dolgan, Erin Dolgan (born Denver CO) M.A. LPC is a clinical psychotherapist and also a children’s book author known for her message of “Relative Danger”. Her book Please Knock won a 2007 IPPY bronze medal from the Independent Publishing Book Association for children’s book (ages 7 and above).Dolgan grew up in Denver Colorado. In 1995 she received her Masters Degree in clinical counseling from Lesley University in Cambridge Massachusetts.,13
3,Curtis Strange, Curtis Northrup Strange (born January 30 1955) is an American professional golfer. He is a member of the World Golf Hall of Fame and Virginia Sports Hall of Fame. He spent over 200 weeks in the top-10 of the Official World Golf Ranking between their debut in 1986 and 1990.,3
4,Bill Thompson (New York), William Colridge Bill or Billy Thompson Jr. (born July 10 1953) was the 42nd Comptroller of New York City. Sworn into office on January 1 2002 he was reelected to serve a second term that began on January 1 2006.,4
7,Cima de Pian Guarnei, The Cima di Pian Guarnei (also known as Pizzo Quadro) is a mountain of the Lepontine Alps on the Swiss-Italian border.,10
10,Piper azuaiense, Piper azuaiense is a species of plant in the Piperaceae family. It is endemic to Ecuador.,10
5,SNCF Class A1AA1A 68000, The SNCF Class A1AA1A 68000 is a class of diesel-electric locomotives of the SNCF. They were built for both passenger and freight service. They were ordered on 7 June 1961 the first entering service on 13 December 1963 at Chalindrey depot. All have now been withdrawn from service with the exception of no. 68081.,5
5,MS Deutschland, MS Deutschland is a German-registered cruise ship owned and operated by Peter Deilmann Cruises. She is decorated in the Art Deco style made famous by such classic ocean liners as the SS Ile de France and SS Normandie. The Deutschland was launched in 1998. She carries 513 passengers and 260 crew members.,5
13,The Art of Dreaming, The Art of Dreaming is a book written by anthropologist Carlos Castaneda and published in 1993. It purportedly describes the events that took place during an apprenticeship with a self-proclaimed Yaqui Indian Sorcerer don Juan Matus between 1960 and 1973. The veracity of The Art of Dreaming as with the rest of his books has been debated.,13
4,Onegi Obel, Angelo Onegi Obel (April 4 1932 – December 16 2008) was a Ugandan economist and politician and former adviser to the President of Uganda.,4
7,Laramie Peak, Laramie Peak Is the highest and most prominent peak in the Laramie Range of Wyoming. With a peak elevation of 10276 feet (3132 m) it is the only peak in the Laramie Range to exceed an elevation of 10000 feet (3000 m).,7
6,St. Lawrence's Church Vittoriosa, The Collegiate church of St Lawrence is an old Church situated in Birgu in Malta.,6
8,Torsh Anbeh, Torsh Anbeh (Persian: ترشنبه‎) is a village in Firuzbahram Rural District Chahardangeh District Eslamshahr County Tehran Province Iran. At the 2006 census its population was 100 in 30 families.,8
10,Eurybia jonesiae, Eurybia jonesiae commonly known as Jones's aster or Almut's wood aster is an herbaceous perennial endemic to the U.S. States of Georgia and Alabama in the southeast of the country. It is found primarily in the Piedmont Region in rich oak-hickory-pine forest. Within these rich woods it has an affinity for moist soils with habitats that include ravines rocky ridges and wooded slopes in the vicinity of rivers and streams.,10
9,Hynhamia microsocia, Hynhamia microsocia is a species of moth of the Tortricidae family. It is found in Ecuador.,10
7,Sülzbach (Sulm), Sülzbach (Sulm) is a river of Baden-Württemberg Germany.,7
1,College of Engineering Adoor, The College of Engineering Adoor (CEA) is a college in Adoor Pathanamthitta District Kerala India located 3 km from the town centre at Manakkala. It is affiliated to the Cochin University of Science and Technology and is run under the aegis of the Institute of Human Resources Development an institute of the government of Kerala. The college was inaugurated in 1995 by the Chief Minister of Kerala A K Antony.,1
0,Appstar Financial, Appstar Financial is a financial services company based in San Diego California U.S.A. The company provides transaction processing products and services for credit and debit and other card transactions.,0
12,Cast a Giant Shadow, Cast a Giant Shadow is a 1966 big-budget action movie based on the life of Colonel Mickey Marcus starring Kirk Douglas and Senta Berger. Yul Brynner John Wayne Frank Sinatra and Angie Dickinson also appear in cameo supporting roles. Melville Shavelson adapted produced and directed.,12
12,L'incantevole nemica, L'incantevole nemica is a 1953 Italian comedy film directed by Claudio Gora.,12
6,George Jones Memorial Baptist Church, The George Jones Memorial Baptist Church also known as the Wheat Church is a historic church building at the former site of the community of Wheat in Oak Ridge Tennessee United States.,6
5,Honda N360, The Honda N360 is a kei car designed and built by Honda and produced from March 1967 through 1970 while the larger N600 was marketed through 1973. After a January 1970 facelift the N360 became the NIII360 and continued in production until 1972. The car featured front wheel drive and an air-cooled four stroke 354 cc 31 hp (23 kW) two-cylinder engine which was borrowed from the Honda CB450 motorcycle.,5
8,Akarca Dazkırı, Akarca is a village in the District of Dazkırı Afyonkarahisar Province Turkey.,8
8,Gornji Orah, Gornji Orah is a village in the municipality of Vlasotince Serbia. According to the 2002 census the village has a population of 330 people.,8
1,Grand River Academy, Grand River Academy formerly known as the Ashtabula County Institute of Science and Industry and then the Grand River Institute is a private nonsectarian boarding high school for boys located in Austinburg Ohio. It serves approximately 120 students in grades nine through twelve. The Academy's mission is aimed at helping boys and young men realize their full potential and find success.,1
8,Godar-e Namak, Godar-e Namak (Persian: گدارنمك‎ also Romanized as Godār-e Namaḵ) is a village in Kulkani Rural District Majin District Darreh Shahr County Ilam Province Iran. At the 2006 census its population was 571 in 94 families.,8
6,Penn Alto Building, The Penn Alto Building is a landmark building located in downtown Altoona Pennsylvania USA. The building is nine stories high and has a partial tenth floor penthouse. The name of the building remains the same even though its usage has changed over time. The name changed from the Penn Alto Hotel to Penn Alto Apartments when it changed from strictly being a hotel to a residential hotel which rents both apartments and hotel rooms.,1
13,Coyote Moon, Coyote Moon is an original novel based on the U.S. television series Buffy the Vampire Slayer.,13
7,Pădurani River, The Pădurani River is a tributary of the Bega River in Romania.,7
9,Silvanus (genus), Silvanus is a genus of beetles in the family Silvanidae containing the following species: Silvanus bidentatus Fabricius Silvanus castaneus MacLeay Silvanus curvispinus Pal & Sen Gupta Silvanus difficilis Halstead Silvanus gibbus Pal & Sen Gupta Silvanus imitatus Pal & Sen Gupta Silvanus inarmatus Wollaston Silvanus lateritius Broun Silvanus lewisii Reitter Silvanus mediocris Grouvelle Silvanus muticus Sharp Silvanus nigrans Pal & Sen Gupta Silvanus nitidulus LeConte Silvanus planatus Germar Silvanus productus Halstead Silvanus proximus Grouvelle Silvanus recticollis Reitter Silvanus robustus Halstead Silvanus rossi Halstead Silvanus ruficorpus Pal & Sen Gupta Silvanus semus Halstead Silvanus unidentatus Olivier↑,10
9,Tamaulipas Shiner, Tamaulipas Shiner (Notropis braytoni) is a species of ray-finned fish in the genus Notropis.,10
11,The Great American Eagle Tragedy, The Great American Eagle Tragedy is a second and last album by the psychedelic band Earth Opera recorded in 1969. It is marked by departure of Bill Stevenson and his harpsichord sound using more guest musicians than on the debut album and use of pedal steel by Bill Keith. The album also had better success on charts then the previous one but soon after the group disbanded paving the way for solo careers mainly for Pete Rowan and David Grisman.,11
4,John Hanson, John Hanson (April 14 [O.S. April 3] 1721 – November 15 1783) was a merchant and public official from Maryland during the era of the American Revolution. After serving in a variety of roles for the Patriot cause in Maryland in 1779 Hanson was elected as a delegate to the Continental Congress.,4
5,LB&SCR E6 class, The London Brighton and South Coast Railway E6 Class is a class of 0-6-2Tside tank steam locomotive designed by Robert Billinton. They were introduced in 1904 and were a development of the E5 class with smaller driving wheels intended for heavy short and medium-distance freight trains.,5
11,Behind the Music (album), For the KJ-52 album see Behind the Musik (A Boy Named Jonah)Behind the Music is the third album by the Swedish rock band The Soundtrack of Our Lives. It was originally released in Europe in February 2001 and subsequently around the world over the next two years. The album was the band's breakthrough record outside their native Sweden and was nominated for the Best Alternative Album award at the 2003 Grammy Awards.,11
4,Sali Berisha, About this sound Prof. Dr. Sali Berisha  (Albanian pronunciation: [saˈli bɛˈɾiʃa]; born 15 October 1944) is an Albanian cardiologist and politician who served as President of Albania from 1992 to 1997 and Prime Minister from 2005 to 2013. He was also the leader of the Democratic Party of Albania twice from 1991 to 1992 and then again from 1997 to 2013.,4
7,Lake Juturnaiba, Lake Juturnaiba (Lagoa de Juturnaíba) is a lake in Rio de Janeiro Brazil near the town of Juturnaíba. It is located approximately 60 miles (97 km) from the city of Rio de Janeiro.,7
1,Instituto Tecnológico Autónomo de México, The Instituto Tecnológico Autónomo de México (Mexico Autonomous Institute of Technology) commonly known as ITAM is a private Ph.D.-granting research university located in Mexico City Mexico.,1
2,Daddy-O (musician), Glenn Bolton better known by his stage name Daddy-O is an American hip hop record producer and rapper. He began his career as a member of the pioneer hip-hop group Stetsasonic with Prince Paul. Since then Daddy-O has become a record producer and remixer working with acts such as Freestyle Fellowship Mary J. Blige Queen Latifah Living Colour Big Daddy Kane the B-52's and the Red Hot Chili Peppers.,2
7,Pârâul Mare (Hodoș), The Pârâul Mare River is a tributary of the Hodoş River in Romania,7
4,Clinton Pattea, Clinton M. Pattea (November 11 1930 – July 5 2013) was an American activist and politician who served as the longtime President of the Fort McDowell Yavapai Nation a predominantly Yavapai Indian reservation in Maricopa County Arizona until his death in 2013.,4
2,Franca Batich, Franca Batich (b. January 19 1940 Trieste Italy) is an Italian contemporary artist who specializes in oil and mixed technique abstract painting. A student of Giovanni Giordani Frida de Reya and Alice Psaconopulo Batich first began exhibiting her artwork in the 1960s. She has contributed to several collective shows in Italy as well as internationally in New York Salzburg Udine and Dalmatia.,2
4,János Szabó (Minister of Defence), János Szabó (born 1 June 1941 in Füzesabony) is a Hungarian politician who served as Minister of Defence between 1998 and 2002.,4
10,Smilax rotundifolia, Smilax rotundifolia known as common greenbrier is a woody vine native to the Eastern United States and Canada. The leaves are glossy green petioled alternate and circular to heart-shaped. They are generally 5–13 cm long. Common greenbriar climbs other plants using green tendrils growing out of the petioles.The stems are round and green and have sharp spines. The flowers are greenish and are produced from April to August. The fruit is a bluish black berry that ripens in September.,10
2,Razumnik Ivanov-Razumnik, Razumnik Vasilyevich Ivanov-Razumnik (real surname - Ivanov; Разумник Васильевич Иванов-Разумник; December 24 1878 Tiflis Georgia then Russian Empire - July 9 1946 Munich Germany was a Russian Soviet author philosopher and literary critic best known for his book The History of Russian Social Thought (1907 in two volumes) and the series of essays on post-Revolution literary life in the Soviet Russia.,3
10,Euphorbia hexadenia, Euphorbia hexadenia is a species of plant in the Euphorbiaceae family. It is endemic to Madagascar.,10
13,Doctor Who Live, Doctor Who Live: The Monsters Are Coming! is an arena stage show based on the BBC TV programme Doctor Who.,12
3,Robbie Fradd, Robbie Fradd (born 4 December 1964 in South Africa) is a jockey in Thoroughbred horse racing.Robbie Fradd has ridden in his native South Africa and in Mauritius Australia New Zealand Dubai Japan Singapore and Hong Kong. He was the leading jockey for the 2000/2001 Hong Kong racing season.,3
12,The Female Prince, The Female Prince (Shuang feng ji yuan) is a 1964 Shaw Brothers Studio Hong Kong Huangmei opera musical film directed by Chow Sze-Loke written by Chang Cheh and starring Ivy Ling Po.,12
0,WiLine Networks, WiLine Networks is a telecommunications company and Internet service provider headquartered in San Carlos California with offices in Los Angeles Orange County San Diego Princeton New Jersey and in Ireland.,0
2,Aaron Watson, Aaron Watson is a Texas country music singer.Watson was born in Amarillo Texas and attended Abilene Christian University where he began learning guitar after playing junior college baseball in New Mexico. He gigged around Texas before releasing his debut album A Texas Cafe; the follow-up Shuttupanddance was a regional sales success. His 2004 album The Honky Tonk Kid was produced by Ray Benson and features an appearance from Willie Nelson.,3
12,The Man Without a Face (1928 serial), The Man Without a Face is a 1928 American adventure film serial directed by Spencer Gordon Bennet. The film is now considered to be lost.,12
0,Cokem International, COKeM International Ltd. is a full-service distribution company located in Shakopee Minnesota. It is one of the largest value video game distribution companies in the United States but has also integrated services into other markets including healthcare sporting goods and outdoor equipment.,0
12,Dr. No (film), Dr. No is a 1962 British spy film starring Sean Connery; it is the first James Bond film. Based on the 1958 novel of the same name by Ian Fleming it was adapted by Richard Maibaum Johanna Harwood and Berkely Mather and was directed by Terence Young. The film was produced by Harry Saltzman and Albert R. Broccoli a partnership that would continue until 1975.In the film James Bond is sent to Jamaica to investigate the disappearance of a fellow British agent.,12
6,Simpson House (Newton Massachusetts), The Simpson House is a historic house at 57 Hunnewell Avenue in Newton Massachusetts. The 2-1/2 story wood frame house was built in the late 1890s and is an excellent local example of a well-preserved Queen Anne Victorian with some Colonial Revival features. It has roughly rectangular massing but is visually diverse with a number of gables and projections.,6
11,Quiero Ser Feliz, Quiero Ser Feliz (I Want To Be Happy) is the tenth studio album by the Mexican group Los Freddy's. The album was released in 1973. This album explores the group's desire to live in America no matter the cost.,11
1,Bert Lynn Middle School, Bert Lynn Middle School is a public middle school in Torrance California. Bert Lynn covers grades 6th through 8th. For over seven years the Bert Lynn Learning community has shown top academic scores.In addition to strong academic scores Bert Lynn Middle School has been recognized at both the state level with several distinguished school awards and national recognition in 2006 as a Blue Ribbon School.California Distinguished School in 2001 2005 and 2009.,1
1,St. Pius X High School Mumbai, St. Pius X High School is an English medium school located in Mulund West the western part of the suburb in north-east of Mumbai India. The school is a boys-only school.,1
3,Sidney Stranne, Sidney Stranne (8 February 1886 – 3 August 1957) was a Swedish modern pentathlete and fencer. He competed in the modern pentathlon at the 1912 Summer Olympics and in fencing at the 1928 Summer Olympics.,3
9,Anopinella larana, Anopinella larana is a species of moth of the Tortricidae family. It is found in Venezuela.The length of the forewings is 7-7.8 mm.,10
6,Covent Garden Hotel, Covent Garden Hotel is a 5-star hotel in London England. It is located near Seven Dials in the West End a short walk away from the Royal Opera House and is surrounded by some 21 theatres. The hotel is part of Tim and Kit Kemp's Firmdale Hotels.,7
13,Petals on the Wind, Petals on the Wind is a novel written by V. C. Andrews in 1980. It is the second book in the Dollanganger series. The timeline takes place from the siblings' successful escape in November 1960 to the fall of 1975. The book like the others In the series was a number one best-seller in North America in the early 1980s.,13
2,Ovie Alston, Overton Ovie Alston (December 14 1905 – 1989) was an American jazz trumpeter vocalist and bandleader.Alston played with Bill Brown and His Brownies in New York in 1928 recording with them for Brunswick Records. He was hired by Claude Hopkins in 1931 and remained with him until 1936; it is for this association that he is best known.,3
9,Protambulyx, Protambulyx is a genus of moths in the Sphingidae family.,10
2,Jill Jack, Jill Jack is an American singer-songwriter from Ferndale Michigan. As of May 2012 she has released eight albums ranging from soul to rock to folk and country. She leads a band of the same name. She's got the stage presence the voice the ability to interpret songs passionately ... there's a lot of soul in what she does—Billboard MagazineJill Jack’s magical connection to her audience is the result of her generous artistry.,2
8,Rudki Gniezno County, Rudki [ˈrutki] is a village in the administrative district of Gmina Trzemeszno within Gniezno County Greater Poland Voivodeship in west-central Poland.,8
0,A-Mobile, A-Mobile is the second mobile phone operator of Abkhazia behind Aquafon both in number of subscriptions and in age.,1
12,Joy Division (2006 film), Joy Division is a 2006 British film directed by Reg Traviss. The story is a fictional biopic which follows the life of a boy in Germany at the end of World War II into his adulthood in Russia and London during the Cold War. The script was written by Reg Traviss and Rosemary Mason and went into production in 2004 after completion of Traviss' short film JD Pilot in 2003 based upon the same script and which also starred Ed Stoppard in the role of adult Thomas.,12
13,Powers (comics), Powers is an American creator-owned police procedural comic book series by writer Brian Michael Bendis and artist Michael Avon Oeming. The series' first volume was published by Image Comics from 2000 to 2004.,13
4,Lynn Dean, Lynn B. Dean (born December 22 1923) is a boat manufacturer from St. Bernard Parish Louisiana who served from 1996 to 2004 as a Republican member of the Louisiana State Senate from District 1 (Jefferson Plaquemines and St. Bernard parishes). The district embraces a portion of the New Orleans suburbs including the lower southeastern coastal parishes of Plaquemines and St. Bernard once the domain of the legendary political boss Leander H. Perez.,4
6,St John the Baptist's Church Wakerley, St John the Baptist's Church Wakerley is a redundant Anglican church in the village of Wakerley Northamptonshire England. It is designated by English Heritage as a Grade I listed building and is under the care of the Churches Conservation Trust. It stands in an elevated position overlooking the Welland Valley.,6
7,Ammonoosuc River, The Ammonoosuc River is a river 55 mi (89 km) long in northwestern New Hampshire in the United States. It is a tributary of the Connecticut River which flows to Long Island Sound. Ammonoosuc is Abnaki for small narrow fishing place. The Ammonoosuc rises on the western slope of Mount Washington in Sargent's Purchase in the White Mountains of southern Coos County. One branch of the river is the outlet of the Lakes of the Clouds in the saddle between Mount Washington and Mount Monroe.,7
4,Merle Phillips, Merle H. Phillips was a Republican member of the Pennsylvania House of Representatives for the 108th District from 1980 until retiring in 2010. He also was appointed as Northumberland County Commissioner in 2010 to finish Kurt Masser's term after the position was vacated when Masser was elected to the 107th District,4
3,Leonard (baseball), Leonard was a Major League Baseball right fielder who played in one game for St. Louis Browns on September 12 1892.Leonard whose first name is unknown walked in his only at bat and stole a base.,3
4,Cathy Bissoon, Cathy Bissoon (born 1968) is an American lawyer and judge who serves on the United States District Court for the Western District of Pennsylvania.,4
5,HMIS Bengal (J243), HMIS Bengal (J243) was a Bathurst class corvette of the Royal Indian Navy (RIN) where she served during World War II.,5
8,Szczedrzykowice, Szczedrzykowice [ʂt͡ʂɛdʐɨkɔˈvit͡sɛ] is a village in the administrative district of Gmina Prochowice within Legnica County Lower Silesian Voivodeship in south-western Poland. Prior to 1945 it was in Germany.,8
11,Asrael (album), Asrael is a collection of Austin TV B-sides that came out in the fall of 2004. It was a limited to a 600 copies.,13
8,Kısalar Manavgat, Kısalar Manavgat is a village in the District of Manavgat Antalya Province Turkey.,8
12,Hello Again (film), Hello Again is a 1987 American romantic fantasy-comedy film directed and produced by Frank Perry written by Susan Isaacs and starring Shelley Long Judith Ivey Gabriel Byrne Corbin Bernsen Sela Ward Austin Pendleton Carrie Nye Robert Lewis Madeleine Potter Thor Fields and Illeana Douglas. Hello Again opened at #2 in the Box Office earning $5712892 at its opening weekend and made $20419446 in its entire run.,12
6,Bata Shoe Museum, The Bata Shoe Museum is a museum in downtown Toronto Canada located at the southwest corner of the intersection of Bloor St and St George St just east of The Annex neighbourhood and by the University of Toronto campus.The museum collects researches preserves and exhibits footwear from around the world. It offers four exhibitions three of which are time-limited as well as lectures performances and family events.,6
13,The Mathematics of Magic, The Mathematics of Magic is a fantasy novella written by science fiction and fantasy authors L. Sprague de Camp and Fletcher Pratt as the second story in their Harold Shea series. It was first published in the August 1940 issue of the fantasy pulp magazine Unknown. It first appeared in book form together with the preceding novella The Roaring Trumpet in the collection The Incomplete Enchanter issued in hardcover by Henry Holt and Company in 1941 and in paperback by Pyramid Books in 1960.,13
7,King Edward River, The King Edward River is a river in the Kimberley of Western Australia.The headwaters of the river rise below Poonjurra Hill and flows in a northerly direction almost parallel with the Kalumburu Road and eventually discharges into Deep Bay then Napier Broome Bay and finally the Indian Ocean.The river has seven tributaries including; Carson River Drum Creek Noolawayoo Creek Coondillah Creek and Hair Creek.The river contains several permanent pools where examples of Indigenous Australian art known as Bradshaw paintings can be found along the cliff faces.The river was named in 1901 by the surveyor Frederick Brockman while on expedition in the area. ,7
9,Anopina ainslieana, Anopina ainslieana is a moth of the Tortricidae family. It is found in the southern United States (New Mexico Colorado).The length of the forewings is 5.5–7 mm. The ground colour of the forewings is brownish ochreous suffused with dark brown and orange-yellow or with a similar more or less distinct striation. The hindwings are fuscous dark sprinkled.,10
12,The Flight that Disappeared, The Flight that Disappeared is a 1961 science fiction film.,13
13,The Sound of the Mountain, The Sound of the Mountain (Yama no Oto) is a novel by Japanese writer Yasunari Kawabata serialized between 1949 and 1954. The Sound of the Mountain is unusually long for a Kawabata novel running to 276 pages in its English translation.,13
1,Griffith College Cork, Griffith College Cork is an independent education institution based in the former Skerry's College Cork which it merged with Griffith College in 2005 where it runs courses in Business Law Secretarial Media & Journalism Design as well as evening courses in Psychology Office Skills Computing and development and training Courses. Most of the undergraduate degree courses are validate by HETAC and a number of them require application via the Irish CAO system.,1
5,Ducati ST series, The Ducati ST series are Italian sport touring motorcycles that were made by Ducati between 1997 and 2007. The models included (in order of release) the ST2 ST4/ST4s and ST3/ST3s.,13
9,Bucculatrix hagnopis, Bucculatrix hagnopis is a moth in the Bucculatricidae family. It is found in India.,10
12,One Flew Over the Cuckoo's Nest (film), One Flew Over the Cuckoo's Nest is a 1975 American drama film directed by Miloš Forman based on the 1962 novel One Flew Over the Cuckoo's Nest by Ken Kesey and starring Jack Nicholson Louise Fletcher and Will Sampson.,12
7,Pârâul Cuților (Drăgan), The Pârâul Cuților is a tributary of the Drăgan River in Romania.,7
3,Bill Berry (Australian footballer), William Bill Berry (born 27 June 1957) is a former Australian rules footballer who played with Essendon Footscray and North Melbourne in the Victorian Football League (VFL).After making his way up from the Under-19s Berry was unable to put together regular senior appearances and spent most of his time at Essendon in the reserves.The former Strathmore player went to East Fremantle for the 1978 season and when he returned to Victoria a year later he joined Footscray.,3
2,Bairu Raghuram, Bairu Raghuram (born 1949) is an Indian painter. His depictions are simple rural life and woman in their daily life. He is mostly inspired by the tranquillity of rural Telangana.,13
4,Robert Damron (politician), Robert Damron (born June 20 1954) is an American investment banker and politician from the state of Kentucky. A member of the Democratic Party Damron is a member of the Kentucky House of Representatives representing the 39th district. He served as the Democratic caucus chair.Damron has served in the Kentucky House since 1993.,4
8,Cisowa Łódź Voivodeship, Cisowa [t͡ɕiˈsɔva] is a village in the administrative district of Gmina Grabica within Piotrków County Łódź Voivodeship in central Poland. It lies approximately 6 kilometres (4 mi) south of Grabica 10 km (6 mi) north-west of Piotrków Trybunalski and 38 km (24 mi) south of the regional capital Łódź.,8
6,Rehabilitation Institute of Michigan, DMC Rehabilitation Institute of Michigan (RIM) is one of the eight hospitals/institutions composing the Detroit Medical Center. RIM is one of the United States' largest hospitals specializing in rehabilitation medicine and research. RIM offers clinical treatment in spinal cord injury brain injury stroke complex trauma and orthopedics and catastrophic injury care.,6
10,Potamogeton lucens, Potamogeton lucens or shining pondweed is an aquatic species in the genus Potamogeton. It is found in slow moving fresh water found locally in the south mid and East of England almost rare in the rest of Great Britain.,10
11,Ex Hex, Ex Hex is the third solo album from Mary Timony. It was released April 19 2005 on Lookout! Records.,11
2,Angel (British musician), Sirach Charles (born 31 October 1987) better known by his stage name Angel is a singer/songwriter rapper and record producer from West London England. His debut single Go In Go Hard featuring vocals from English rapper Wretch 32 was released on 18 March 2012. The song reached number 41 on the UK Singles Chart. The following single Wonderful performed better commercially peaking at number nine on the UK Singles chart and topping the UK R&B Chart.,11
10,Ocotea quixos, Ocotea quixos is a species of evergreen tree in the Lauraceae family native to Ecuador and Colombia. It is one of the South American trees with a cinnamon-like aroma and is used as a spice called ispinku in Southern Quechua or ishpinku in Kichwa (hispanicized spellings ishpingo eshpingo).,10
11,Assjack (album), Assjack is the self-titled debut album from hardcore punk/heavy metal band Assjack. It was released on August 4 2009. Lead singer Hank Williams III performed wrote and produced the album on his own from his home studio in Nashville Tennessee.,11
9,Tricula hortensis, Tricula hortensis is a species of freshwater snail with a gill and an operculum an aquatic gastropod mollusk in the family Pomatiopsidae.,10
12,Curry and Pepper, Curry and Pepper is a 1990 Hong Kong action comedy film directed by Blackie Ko and starring Hong Kong popstar Jacky Cheung and comedy star Stephen Chow. This is Cheung and Chow's second film collaboration.,12
0,Unibuss, Unibuss formerly known as Nexus Trafikk and Sporveisbussene AS is a Norwegian bus company group that operates from Oslo Norway. It is a subsidiary of the municipal transportation group Sporveien and was created in 2003 so the company could compete for the public service obligation (PSO) contracts that Oslo was to operate the bus system through. Unibuss has about 1600 employees 650 buses and a revenue of NOK 1278 million in 2010.,0
12,Aaltra, Aaltra is a 2004 Belgian French-language deadpan black comedy film directed and written by Gustave de Kervern and Benoît Delépine. The film was nominated for 3 awards and won 4 awards mostly going to Benoît Delépine.,12
6,Enoch Fuller House, The Enoch Fuller House is an historic octagon house located at 72 Pine Street in Stoneham Massachusetts. The two story wood frame house was built c. 1850 for Enoch Fuller a friend of P. T. Barnum and is topped by a low pitch roof with a central cupola. There is a single story porch that wraps around the entire building. The porch is supported by chamfered posts decorated with drop pendant brackets and has a cut baluster rail.,6
2,Justin Hayford, Justin Hayford is a Chicago-based singer and pianist. He performs jazz and cabaret music and specializes in reviving obscure and forgotten songs from the past. Justin writes and presents cabaret shows at various venues in Chicago and has released three albums to date.He also works as Case Manager of the AIDS Legal Council of Chicago.,2
8,Przesławki, Przesławki [pʂɛˈswafki] is a village in the administrative district of Gmina Dubeninki within Gołdap County Warmian-Masurian Voivodeship in northern Poland close to the border with the Kaliningrad Oblast of Russia. It lies approximately 16 kilometres (10 mi) north-east of Dubeninki 31 km (19 mi) east of Gołdap and 162 km (101 mi) north-east of the regional capital Olsztyn.Before 1945 the area was part of Germany (East Prussia).,8
2,Imogen Edwards-Jones, Imogen Edwards-Jones (born June 1968 Birmingham) is a British writer author and journalist.,2
2,Elizabeth Lambert, Penelope Williamson (b. Fairbanks Alaska USA) is an American writer of romance novels as her real name and as the pen names Elizabeth Lambert and Penn Williamson.Penelope Williamson lives with her husband in Idaho. According to ?WorldCat her most widely held book The Outsider is in 1868 libraries; Heart of the West is in 1827. Various of her books have been translated into French German Dutch Spanish Polish Chinese Hungarian Japanese Swedish and Russian.,2
2,Auguste Le Breton, Auguste Le Breton (February 18 1913 – May 31 1999) was a French novelist who wrote primarily about the criminal underworld. His novels were adapted into several notable films of the 1950s such as Rififi Razzia sur la chnouf and Le clan des siciliens. He wrote the dialogue for the noir film Bob le flambeur.Auguste Le Breton was born in Finistère. His childhood name was Auguste Monfort. Tragedy struck early in his life. Before he turned up his father had died in the First World War.,3
4,John James Grant, Brigadier General (Ret'd) John James (Jim) Grant CMM ONS CD (born January 17 1936) is the Lieutenant Governor of Nova Scotia.,4
1,Tevis Jr. High, Tevis Junior High School is located at 3901 Pin Oak Park Blvd. in Bakersfield California with a ZIP code of 93311. The school was named after a pioneer family who bought and ranched the land where the school is presently located.It is part of the Panama Buena Vista Union School District (PBVUSD). The principal is as of 2009 Robert Machado.Tevis feeds into Bakersfield High School Stockdale High School and Independence High School.,1
5,Altay-class oiler, The Altay class (Project 160) is a class of replenishment oiler built for the Soviet navy between 1967 and 1972.,5
10,Ampelocissus concinna, Ampelocissus concinna is a climbing vine or liana in the Grape family native to Angola.,10
12,African Hunting Holiday, African Hunting Holiday is a British documentary by Louis Theroux. Louis journeys to Limpopo Province in South Africa to join the holidaymakers who flock there to hunt big game.,10
2,Leroy Wallace, Leroy Horsemouth Wallace (born April 3 1950) is a Jamaican drummer who worked for several years at Studio One and has worked with numerous reggae artists including The Gladiators Inner Circle Prince Far I Sound Dimension Gregory Isaacs Burning Spear Ijahman Levi and Pierpoljak. He starred as himself in the lead role of the film Rockers. Wallace attended the Alpha Boys School in the 1960s and early 1970s where he studied under Lennie Hibbert.,2
2,Mukul Dey, Mukul Chandra Dey (Bengali: মুকুলচন্দ্র দে) (1895–1989) was a student of Rabindranath Tagore's Santiniketan. He is considered as a pioneer of drypoint-etching in India.He was the first Indian artist to travel abroad for the purpose of studying printmaking as an art. While in Japan in 1916 Mukul Dey studied under Yokoyama Taikan and Kanzan Shimomura at Tokyo and Yokohama.,2
12,Shattered (1921 film), Shattered (German: Scherben) is a 1921 German silent Kammerspielfilm directed by Lupu Pick written by Carl Mayer and is considered to be the earliest example of the kammerspielfilm.,12
3,Ian Thomson (Australian rules footballer), Ian Peter Thomson (born 6 September 1949) is a former Australian rules footballer who played with South Melbourne in the Victorian Football League (VFL). He also played for East Perth and East Fremantle in the West Australian Football League (WAFL).Thomson a key position player started his career at East Perth in 1967.,3
6,Majestic Centre, The Majestic Centre designed by Jack Manning of Manning Mitchell in association with Kendon McGrail of Jasmax Architects and completed in 1991 is the tallest building in Wellington New Zealand. The building located on 100 Willis Street is 116 metres high and has 29 storeys making it the ninth tallest skyscraper building in New Zealand along with the ASB Bank Centre in Auckland.,6
12,Gunna (film), Gunna is a 2005 Kannada romance-action-drama film directed by Dwarki featuring Mayur Patel and Chaitra Hallikeri in the lead roles. The film features background score and soundtrack composed by Mahesh. The film released on 12 May 2005.,12
13,The Monstrumologist, The Monstrumologist (2009) is a young adult horror novel by Rick Yancey. It received the 2010 Michael L. Printz Honor Award for excellence in young adult literature.,13
11,Simplemente (El Tri album), Simplemente (Simply) (1984) is the sixteenth studio album by the band originally known as Three Souls in My Mind and the first one as El Tri.,11
10,Aphelandra stephanophysa, Aphelandra stephanophysa is a plant species in the family Acanthaceae which is native to Atlantic Forest vegetation of Brazil. This plant is cited in Flora Brasiliensis by Carl Friedrich Philipp von Martius.,10
3,Don Croftcheck, Donald Anthony Croftcheck (born September 12 1942 in Allison Pennsylvania) is a former American football offensive lineman in the National Football League for the Washington Redskins and the Chicago Bears. He played college football at Indiana University and was drafted in the eighth round of the 1965 NFL Draft. Croftcheck was also selected in the seventeenth round of the 1965 AFL Draft by the Kansas City Chiefs.,3
2,Kawabata Ryushi, Kawabata Ryūshi (川端 龍子 June 6 1885 - April 10 1966) was the pseudonym of a Japanese painter in the Nihonga style active during the Taishō and Shōwa eras. His real name was Kawabata Shotarō. Ryūshi was born in Wakayama city in Wakayama prefecture. He moved to Tokyo in 1895. Initially interested in literature he studied under the poet Kawabata Hoja who introduced him to the Hototogisu artistic circle.,3
1,Ormiston Ilkeston Enterprise Academy, Ormiston Ilkeston Enterprise Academy (OIEA) is a coeducational secondary school and sixth form with academy status located over two sites in Ilkeston in the English county of Derbyshire.OIEA is an amalgamation of two academies operated by the Ormiston Academies Trust. Ormiston Enterprise Academy on Bennerley Avenue was previously Bennerley Business and Enterprise College and Bennerley School before that.,1
5,Berliner Helicopter, The Berliner Helicopters were a series of experimental helicopters built by Henry Berliner between 1922 and 1925. The helicopters had only limited controllability but were the most significant step forward in helicopter design in the USA until the production of the Vought-Sikorsky VS-300 helicopter in 1940. The 1922 flights of the Berliner and the de Bothezat H1 were the first by manned helicopters.,5
11,The Best of Bucky and John Pizzarelli, The Best of Bucky and John Pizzarelli is a compilation album of song choices selected from the combined careers of Bucky Pizzarelli and John Pizzarelli from the 1990s released in 2006 by LRC Ltd.,11
3,Tim Manning, Timothy Edward Manning (December 3 1853 – June 11 1934) was an English professional baseball player who played mostly as a second baseman in Major League Baseball from 1882 to 1885. He began his career with the Providence Grays in 1882. After his first season he then played two full seasons and one partial season for the Baltimore Orioles before returning to the Grays in his final season.,3
12,The Gay Falcon, The Gay Falcon is the first in a series of films about a suave detective nicknamed The Falcon. The 1941 B film was intended by RKO Radio Pictures to introduce a replacement for The Saint after RKO decided that renewing the film rights to the latter character would be too expensive. George Sanders was cast in the title role; he had played The Saint in the prior RKO series. He was teamed again with Wendy Barrie who had been with him in three previous Saint films.,12
3,John Blue (ice hockey), John Thomas Blue (born February 19 1966) is a former ice hockey goaltender. He was drafted in the tenth round 197th overall by the Winnipeg Jets in the 1986 NHL Entry Draft. He played in the National Hockey League for the Boston Bruins and Buffalo Sabres.,3
6,Empilisweni District Hospital, Empilisweni District Hospital is a Provincial government funded hospital for the Senqu Local Municipality area in Sterkspruit Eastern Cape in South Africa. Empilisweni is a level 1 hospital situated near the Lesotho and Free State borders with 93 usable beds.,7
4,Horace Byatt, Horace Archer Byatt (1875–1933) was a British colonial governor. In the early part of his career he served in Nyasaland British Somaliland Gibraltar and Malta. Later he served in British East Africa becoming the first governor of the British mandate of Tanganyika. He was then the governor of Trinidad and Tobago.,4
8,Gryszkańce, Gryszkańce [ɡrɨʂˈkaɲt͡sɛ] is a village in the administrative district of Gmina Sejny within Sejny County Podlaskie Voivodeship in north-eastern Poland close to the border with Lithuania. It lies approximately 2 kilometres (1 mi) west of Sejny and 112 km (70 mi) north of the regional capital Białystok.,8
0,EatStreet, EatStreet is a US online food ordering service. Founded in 2010 in Madison Wisconsin the company has quickly expanded to over 5000 restaurants in over 75 markets nationwide. In addition to an online ordering platform EatStreet also offers restaurants custom websites mobile apps Facebook ordering and digital marketing services.,0
0,Compo Company, Compo Company Ltd. was Canada's first independent record company.The Compo Company was founded in 1918 in Lachine Quebec by Herbert Berliner an executive of Berliner Gramophone of Canada and the oldest son of disc record inventor Emile Berliner.Compo was created to serve the several American independent record companies such as Okeh Records which wanted to distribute records in Canada. Its initial business was pressing records in Canada for these companies.,0
1,Northland Primary School, Northland Primary School (Chinese: 新华小学) is an independent primary school located in Yishun Singapore. The students of the school are referred to as Northlanders. The school is located at 15 Yishun Avenue 4 which is near Yishun Park.,1
9,Tenagodus modestus, Tenagodus modestus is a species of sea snail a marine gastropod mollusk in the family Siliquariidae.,9
2,Geoffrey Freshwater, Geoffrey Freshwater is an English actor. His television appearances include The Government Inspector and the recurring character of Sgt Eric Rivers in 5 episodes of Foyle's War.,13
2,Crazy Legs (dancer), Richard Colón (born January 1 1966) better known by his stage name Crazy Legs is a b-boy from the Bronx New York City USA. He featured in the earliest stories on hip hop dancing to appear in mainstream press and as president of the Rock Steady Crew brought the form to London and Paris in 1983. Today he is also involved in community outreach dance instruction and dance theater productions. His pioneering status is reflected in his appearances in fiction films and documentaries old and new.,3
6,Canadian Museum of Contemporary Photography, The Canadian Museum of Contemporary Photography (CMCP) (French: Le Musée canadien de la photographie contemporaine (MCPC)) was a gallery of Canada's best art and documentary photography.,4
8,Zehiriyeh, Zehiriyeh (Persian: ظهيريه‎ also Romanized as Z̧ehīrīyeh Z̧ahīrīyeh and Zahriyeh; also known as Z̧ahīrī) is a village in Shahid Modarres Rural District in the Central District of Shushtar County Khuzestan Province Iran. At the 2006 census its population was 277 in 62 families.,8
4,Akin Babalola Kamar Odunsi, Akin Babalola Kamar Odunsi is a Nigerian businessman who was elected Senator for the Ogun West constituency of Ogun State Nigeria in the April 2011 national elections. He ran on the Action Congress of Nigeria (ACN) platform.,4
12,Pyar Hi Pyar Mein, Pyar Hi Pyar Mein (Urdu: پیار ہی پیار میں) is a 2003 Pakistani film directed by Fahim Burney. The film generated considerable hype prior to its release but was a commercial failure.,12
4,Nathan Cutler, Nathan Cutler (May 29 1775 Western Massachusetts – June 8 1861) was an American politician from Maine. He was a Democrat.Cutler graduated from Dartmouth College in 1798 and was preceptor at Middlebury Academy for one year thereafter. He then studied law with Judge Chipman of Vermont and later in Worcester Massachusetts where he was admitted to the bar in 1801. For a time he practised in his native town before moving to Farmington Maine in 1803 where he lived for the rest of his life.,4
8,Gol Shir, Gol Shir (Persian: گل شير‎ also Romanized as Gol Shīr) is a village in Karvandar Rural District in the Central District of Khash County Sistan and Baluchestan Province Iran. At the 2006 census its population was 32 in 7 families.,8
4,Lucy Webb Hayes, Lucy Ware Webb Hayes (August 28 1831 – June 25 1889) was a First Lady of the United States and the wife of President Rutherford B. Hayes.Historians have christened her Lemonade Lucy due to her staunch support of the temperance movement; however contrary to popular belief she was never referred to by that nickname while living and it was her husband who banned alcohol from the White House.,4
3,Milan Đurišić, Milan Đurišić (born 11 April 1987 in Titograd SR Montenegro Yugoslavia) is a Montenegrin footballer who plays as a midfielder. He plays currently for FK Lovćen.,3
9,Platyptilia postbarbata, Platyptilia postbarbata is a moth of the Pterophoridae family. It is known from the Democratic Republic of Congo.,10
2,Nina Badrić, Nina Badrić (pronounced [nîna bâdrit͡ɕ] ; born 4 July 1972) is a Croatian pop singer. Before starting her career in the entertainment industry she used to be a bank teller. She began performing in early 1990s exploiting the sudden popularity of dance music but her repertoire gradually became more mainstream. She's also very popular in Serbia Bosnia and Herzegovina Montenegro Slovenia and Turkey. She competed in Dora - Croatian selection for Eurovision Song Contest 4 times.,2
2,Diego de Torres Vargas, Father Diego de Torres Vargas (1590–1649) a priest was the first person to write a book about the history of Puerto Rico.,13
12,Whatever Works, Whatever Works is a 2009 American comedy film directed and written by Woody Allen starring Larry David Evan Rachel Wood Patricia Clarkson Ed Begley Jr. Michael McKean and Henry Cavill.,12
8,Shotor Khoft, Shotor Khoft (Persian: شترخفت‎) is a village in Khaveh-ye Shomali Rural District in the Central District of Delfan County Lorestan Province Iran. At the 2006 census its population was 703 in 162 families.,8
13,NRC Next, NRC Next nrc•next (Dutch pronunciation: [ɛnɛrseːnɛkst]) is a Dutch daily newspaper published in the Netherlands by NRC Media. The first edition was released on March 14 2006. nrc•next is a morning edition tabloid and its primary target group are young higher educated people.,13
11,This Gigantic Robot Kills, This Gigantic Robot Kills is the sixth album by nerdcore musician MC Lars.Lars has stated that he worked with Weird Al Yankovic the Rondo Brothers Nick Rowe and Mike Kennedy of Bloodsimple James Bourne of Busted Daniel Dart of Time Again Donal Finn of Flash Bastard Pierre Bouvier of Simple Plan MC Bat Commander of The Aquabats Suburban Legends Worm Quartet Gabriel Saporta of Cobra Starship Brett Anderson of The Donnas MC Frontalot Amie Miriello of Dirtie Blonde Jesse Dangerously Linus Dotson of Size 14 Parry Gripp of Nerf Herder Jonathan Coulton Aesias Finale Sebastian Reynolds Brendan B. ,13
12,Ramayya Vasthavayya, Ramayya Vasthavayya is a 2013 movie written and directed by Harish Shankar . The film was produced by Dil Raju and stars N. T. Rama Rao Jr. Samantha and Shruti Haasan in lead roles. The soundtrack was composed by S S Thaman. The film has cinematography handled by Chota K. Naidu. The film was officially launched on 18 October 2012 at Dil Raju's office in Hyderabad. Filming began on 3 January 2013 and ended on 27 September 2013.,12
2,Kate Ryan, Kate Ryan (born Katrien Verbeeck on 22 July 1980) is a Belgian World Music Award winner. She began her singing career in 2001 and later found fame with a string of dance hits. These included covers mostly of Mylène Farmer and France Gall such as Désenchantée Libertine and Ella elle l'a as well as new material. Ryan represented Belgium in the Eurovision Song Contest 2006 with Je t'adore coming in 12th place in the semi-final.,3
8,Orveh-ye Olya, Orveh-ye Olya (Persian: عروه عليا‎ also Romanized as ‘Orveh-ye ‘Olyā) is a village in Olya Tayeb Rural District in the Central District of Landeh County Kohgiluyeh and Boyer-Ahmad Province Iran. At the 2006 census its population was 65 in 9 families.,8
0,Concord Group, Concord Group is a one of the largest Bangladeshi construction and real estate conglomerates. The industries under this conglomerate include construction real estate architecture & design communication entertainment hospitality garments etc. Concrod Group was established the by Bangladeshi entrepreneur SM Kamaluddin. It has built more than 1000 technically challenging construction projects in Bangladesh and abroad.,0
7,Wildgärst, The Wildgärst is a mountain of the Bernese Alps overlooking Lake Brienz in the Bernese Oberland. It lies north of the Schwarzhorn on the range between Lake Brienz and the Grosse Scheidegg.,7
8,Mazanów, Mazanów [maˈzanuf] is a village in the administrative district of Gmina Józefów nad Wisłą within Opole Lubelskie County Lublin Voivodeship in eastern Poland. It lies approximately 18 kilometres (11 mi) south of Opole Lubelskie and 54 km (34 mi) south-west of the regional capital Lublin.,8
11,Dig Your Own Hole, Dig Your Own Hole is the second studio album by British electronica duo The Chemical Brothers released on 7 April 1997. It features Noel Gallagher of Oasis and Beth Orton as guest vocalists.In 1998 Q magazine readers voted Dig Your Own Hole the 49th greatest album of all time.,11
9,Pygmy shark, The pygmy shark Euprotomicrus bispinatus the second-smallest of all the shark species after the dwarf lanternshark is a sleeper shark of the Dalatiidae family the only member of the genus Euprotomicrus. Their length is up to about 25 cm (10 in) for females and about 22 cm (8.7 in) for males.Pygmy sharks are ovoviviparous and produce about 8 young in each litter.,10
1,St. Paul's Convent English Higher Secondary School, St. Paul's Convent English Higher Secondary School is a private Christian school run by CMC Sisters of Nirmala Province Thrissur located in Kuriachira Thrissur. The school was founded in 1964 with less than 100 students and now grown to higher secondary school with more than 2800 on its roll students.,1
3,Anna Bogaliy-Titovets, Anna Ivanovna Bogaliy-Titovets (Russian: А́нна Ива́новна Бога́лий-Титове́ц) (born June 12 1979 in Vozhega Vologda Oblast) is a retired Russian biathlete. She is 167 cm tall and weighs 58 kg.She has had eleven podium finishes three in first place four in second and has come third four times. At the 2006 Winter Olympics Bogaliy-Titovets won gold on the 4×6 km Relay. At the World Championships she won three gold medals in relays including a recent title in mixed relay in Holmenkollen.,3
3,John Sivebæk, John Sivebæk (born 25 October 1961 in Vejle) is a Danish former football defender. He won the 1984 Danish championship with Vejle Boldklub and played for English club Manchester United. He scored one goal in 87 appearances for the Danish national team and represented his country at the 1986 World Cup as well as three European Championships including the triumphant 1992 European Championship tournament.His son Christian Sivebæk is also a professional football player.,3
4,Ana Helena Chacón Echeverría, Ana Helena Chacón Echeverría is a Costa Rica politician currently serving as the vice president elect of Costa Rica along with Helio Fallas. Her political career is dedicated to issues of feminism human rights and public health policy. Previously a cabinet minister and deputy Chacón has also served on numerous committees and conferences on the national and international level.,4
1,Pinelands Regional High School, Pinelands Regional High School (PRHS) is a three-year regional public high school that serves students from four communities in tenth through twelfth grade from Ocean County New Jersey operating as part of the Pinelands Regional School District which serves students from Bass River Township Eagleswood Township Little Egg Harbor Township and Tuckerton Borough.,1
4,Jean-Paul Proust, Jean-Paul Proust (3 March 1940 – 7/8 April 2010) was the Minister of State of Monaco. He held that position from 1 June 2005 (assuming this role one month later than scheduled because of Prince Rainier III's death) until 29 March 2010 having been appointed three months earlier by the prince and the French government. Like all previous ministers of state in Monaco Proust did not grow up or live in Monaco.He has been a long-time member of the French civil service.,4
